playKey	playDesc	team	season	week	gameId	playId
1	(:10) (Shotgun) C.Keenum pass deep right to S.Diggs for 61 yards, TOUCHDOWN. The Replay Official reviewed the runner was in bounds ruling, and the play was Upheld. The ruling on the field was confirmed.	MIN	2017	19	2018011401	4497
2	(12:20) S.Bradford pass deep left to R.Seals-Jones for 35 yards, TOUCHDOWN [A.Hicks].	ARI	2018	3	2018092311	141
3	(9:49) J.Rosen pass deep middle to C.Kirk for 75 yards, TOUCHDOWN. Caught at SF 22.  22-YAC	ARI	2018	5	2018100710	355
4	(7:03) D.Johnson up the middle pushed ob at OAK 17 for 53 yards (K.Joseph).	ARI	2018	11	2018111807	3385
5	(:27) (Shotgun) J.Rosen pass short left to C.Kirk for 59 yards, TOUCHDOWN.	ARI	2018	11	2018111807	973
6	(10:35) (Shotgun) J.Rosen pass deep right to D.Johnson ran ob at ATL 12 for 40 yards (D.Kazee).	ARI	2018	15	2018121600	322
7	(9:53) (Shotgun) R.Wilson pass short right intended for D.Moore INTERCEPTED by D.Amerson at ARZ 47. D.Amerson to SEA 28 for 25 yards (C.Carson).	ARI	2018	17	2018123015	322
8	(11:29) (Shotgun) M.Ryan pass short middle to M.Sanu for 43 yards, TOUCHDOWN.	ATL	2018	5	2018100707	1113
9	(7:55) T.Coleman right tackle for 30 yards, TOUCHDOWN.	ATL	2018	7	2018102200	3269
10	(13:56) M.Ryan pass deep left to J.Jones pushed ob at GB 28 for 19 yards (J.Alexander). Green Bay challenged the pass completion ruling, and the play was Upheld. The ruling on the field stands. (Timeout #2.)	ATL	2018	14	2018120903	166
11	(2:52) T.Coleman right end to ARZ 7 for 65 yards (T.Boston).	ATL	2018	15	2018121600	882
12	(6:21) (Shotgun) J.Rosen pass short right intended for D.Johnson INTERCEPTED by D.Jones (V.Beasley) at ARZ 41. D.Jones for 41 yards, TOUCHDOWN.	ATL	2018	15	2018121600	665
13	(15:00) (Shotgun) M.Ryan pass deep left to C.Ridley for 75 yards, TOUCHDOWN [M.Addison].	ATL	2018	16	2018122304	2305
14	(9:41) (Shotgun) J.Flacco pass deep right to J.Brown for 21 yards, TOUCHDOWN.	BAL	2018	2	2018091300	4157
15	(9:17) (Shotgun) C.Keenum pass short middle intended for J.Heuerman INTERCEPTED by P.Onwuasor at BLT 11. P.Onwuasor for 89 yards, TOUCHDOWN NULLIFIED by Penalty. PENALTY on BLT-M.Judon, Illegal Block Above the Waist, 10 yards, enforced at BLT 44.	BAL	2018	3	2018092301	3690
16	(9:46) (No Huddle, Shotgun) L.Jackson pass deep right to M.Andrews to OAK 07 for 74 yards (R.Melvin).	BAL	2018	12	2018112500	1502
17	(13:01) (Punt formation) J.Townsend punts 52 yards to BLT 30, Center-T.Sieg. C.Jones for 70 yards, TOUCHDOWN.	BAL	2018	12	2018112500	1273
18	(12:28) (Shotgun) L.Jackson pass deep left to M.Andrews for 68 yards, TOUCHDOWN.	BAL	2018	16	2018122201	2372
19	(4:52) (Shotgun) L.Jackson right guard for 25 yards, TOUCHDOWN.	BAL	2018	17	2018123000	764
20	(1:49) (Shotgun) J.Allen pass deep left to Z.Jones to LAC 18 for 57 yards (J.Addae). Caught in flat at LAC 20.	BUF	2018	2	2018091601	1811
21	(7:25) J.Allen scrambles right guard pushed ob at JAX 37 for 45 yards (B.Church).	BUF	2018	12	2018112501	4105
22	(2:49) J.Allen pass deep right to R.Foster for 75 yards, TOUCHDOWN [Y.Ngakoue]. Caught in flat at JAX 37, slanting from middle.	BUF	2018	12	2018112501	875
23	(10:35) (Shotgun) J.Allen pass deep right to R.Foster for 42 yards, TOUCHDOWN. Caught near sideline at DET 12.	BUF	2018	15	2018121602	3455
24	(11:23) J.Allen scrambles right end for 30 yards, TOUCHDOWN.	BUF	2018	17	2018123001	3552
25	(11:36) C.Samuel left end for 33 yards, TOUCHDOWN. Play was a double reverse	CAR	2018	9	2018110402	1175
26	(12:09) (Shotgun) C.Newton pass short left to D.Moore to DET 12 for 82 yards (D.Slay). DET-D.Slay was injured during the play.	CAR	2018	11	2018111803	2119
27	(9:27) (Shotgun) C.McCaffrey up the middle to SEA 16 for 59 yards (SL.Griffin).	CAR	2018	12	2018112502	3206
28	(8:22) (Shotgun) C.Newton pass short middle to D.Moore to CLV 42 for 40 yards (D.Randall; T.Mitchell).	CAR	2018	14	2018120902	1350
29	TWO-POINT CONVERSION ATTEMPT. D.Brees pass to M.Thomas is incomplete. ATTEMPT FAILS. DEFENSIVE TWO-POINT ATTEMPT. D.Jackson intercepted the try attempt. ATTEMPT SUCCEEDS.	CAR	2018	15	2018121700	3239
30	(4:12) C.Clark reported in as eligible.  C.McCaffrey pass short right to C.Manhertz for 50 yards, TOUCHDOWN.	CAR	2018	15	2018121700	610
31	(:02) (Shotgun) M.Trubisky pass deep middle to K.White to NE 1 for 54 yards (D.Harmon). The Replay Official reviewed the short of the goal line ruling, and the play was Upheld. The ruling on the field was confirmed.	CHI	2018	7	2018102102	4750
32	(13:41) (Shotgun) M.Trubisky scrambles left end to NE 1 for 39 yards (D.Hightower).	CHI	2018	7	2018102102	2560
33	(1:12) (Shotgun) M.Trubisky scrambles left end for 8 yards, TOUCHDOWN.	CHI	2018	7	2018102102	922
34	(5:35) (Shotgun) M.Trubisky pass short middle to T.Cohen for 70 yards, TOUCHDOWN.	CHI	2018	8	2018102802	608
35	(1:46) C.Schmidt punts 46 yards to CHI 41, Center-R.Ferguson. T.Cohen to BUF 23 for 36 yards (P.DiMarco). FUMBLES (P.DiMarco), ball out of bounds at BUF 23.	CHI	2018	9	2018110401	2180
36	(6:09) (Shotgun) M.Stafford pass short left intended for M.Roberts INTERCEPTED by E.Jackson at DET 41. E.Jackson for 41 yards, TOUCHDOWN.	CHI	2018	12	2018112200	3677
37	(10:01) (Shotgun) B.Sowell reported in as eligible.  M.Trubisky pass short right to B.Sowell for 2 yards, TOUCHDOWN.	CHI	2018	14	2018120901	2858
38	(5:08) (Shotgun) M.Trubisky pass deep right to T.Mizzell ran ob at SF 49 for 26 yards. Penalty on SF-M.Harris, Defensive Holding, declined. Caught at SF 49.  0-YAC	CHI	2018	16	2018122312	1530
39	(9:09) (Shotgun) M.Trubisky pass deep right to A.Robinson II for 22 yards, TOUCHDOWN. Penalty on PHI-A.Maddox, Defensive Pass Interference, declined.	CHI	2018	18	2019010601	3542
40	(4:18) A.Dalton pass deep left to A.Green for 38 yards, TOUCHDOWN.	CIN	2018	1	2018090902	2824
41	(3:02) A.Dalton pass incomplete deep left to A.Green. Cincinnati challenged the incomplete pass ruling, and the play was REVERSED. A.Dalton pass deep left to A.Green ran ob at CAR 44 for 31 yards.	CIN	2018	3	2018092302	749
42	(5:51) (Shotgun) A.Dalton pass deep right to J.Ross for 22 yards, TOUCHDOWN.	CIN	2018	11	2018111801	2803
43	D.Carlson kicks 63 yards from OAK 35 to CIN 2. A.Erickson pushed ob at OAK 21 for 77 yards (E.Harris).	CIN	2018	15	2018121604	4089
44	(8:28) J.Mixon right guard pushed ob at PIT 15 for 51 yards (C.Sensabaugh).	CIN	2018	17	2018123009	3264
45	(12:50) (No Huddle, Shotgun) B.Roethlisberger pass short middle intended for J.Smith-Schuster INTERCEPTED by S.Williams at CIN 42. S.Williams for 58 yards, TOUCHDOWN.	CIN	2018	17	2018123009	949
46	(1:24) (Shotgun) T.Taylor pass deep middle to A.Callaway for 47 yards, TOUCHDOWN. Pass 47, YAC 0	CLE	2018	2	2018091603	3816
47	(8:51) N.Chubb right tackle for 92 yards, TOUCHDOWN.	CLE	2018	10	2018111102	2155
48	(14:13) J.Landry right guard to CAR 4 for 51 yards (L.Kuechly).	CLE	2018	14	2018120902	3243
49	(8:35) (Shotgun) B.Mayfield pass deep left to J.Landry for 51 yards, TOUCHDOWN.	CLE	2018	14	2018120902	1274
50	(9:17) B.Mayfield pass deep left to B.Perriman to CAR 9 for 66 yards (D.Jackson).	CLE	2018	14	2018120902	365
51	(1:50) (Shotgun) C.Keenum pass deep left intended for C.Sutton INTERCEPTED by J.Peppers [L.Ogunjobi] at CLV 0. Touchback.	CLE	2018	15	2018121501	1907
52	(2:01) (Shotgun) B.Mayfield pass short right to D.Njoku pushed ob at CIN 3 for 66 yards (H.Nickerson).	CLE	2018	16	2018122305	3615
53	(8:12) (Shotgun) B.Mayfield pass short left to J.Landry pushed ob at CIN 13 for 14 yards (W.Jackson).	CLE	2018	16	2018122305	3048
54	(8:45) J.Landry pass deep right to B.Perriman to CIN 7 for 63 yards (S.Williams, J.Bates). 6 B Mayfield handed off to 11 A Calloway who pitched to 80 J Landry	CLE	2018	16	2018122305	1246
55	(2:00) (Shotgun) C.Wentz pass short right to C.Clement to DAL 35 for -5 yards (L.Vander Esch).	DAL	2018	10	2018111111	3656
56	(6:18) (Shotgun) E.Elliott left guard to PHI 8 for 32 yards (R.Douglas).	DAL	2018	10	2018111111	1374
57	(2:27) (Shotgun) D.Prescott pass deep middle to A.Cooper for 90 yards, TOUCHDOWN.	DAL	2018	12	2018112201	2897
58	(13:19) (No Huddle, Shotgun) D.Prescott left tackle for 10 yards, TOUCHDOWN. The Replay Official reviewed the runner broke the plane ruling, and the play was REVERSED. (No Huddle, Shotgun) D.Prescott left tackle to SEA 1 for 9 yards (B.McDougald).	DAL	2018	18	2019010501	3071
59	(1:11) E.Elliott right end ran ob at SEA 22 for 44 yards (J.Coleman).	DAL	2018	18	2019010501	1774
60	(6:27) (Shotgun) D.Prescott pass deep left to M.Gallup to LA 2 for 44 yards (L.Joyner). Los Angeles Rams challenged the pass completion ruling, and the play was Upheld. The ruling on the field stands. (Timeout #1.)	DAL	2018	19	2019011201	2750
61	(6:10) (Shotgun) D.Prescott pass short middle to A.Cooper for 29 yards, TOUCHDOWN.	DAL	2018	19	2019011201	531
62	(14:51) C.Keenum pass deep right to E.Sanders for 64 yards, TOUCHDOWN.	DEN	2018	7	2018101800	1168
63	(2:13) (Shotgun) J.Rosen pass short right intended for J.Nelson INTERCEPTED by C.Harris at DEN 47. C.Harris for 53 yards, TOUCHDOWN.	DEN	2018	7	2018101800	967
64	(8:45) 4-C.Keenum laterals to 10-E.Sanders. E.Sanders pass deep right to C.Sutton for 28 yards, TOUCHDOWN.	DEN	2018	7	2018101800	483
65	(6:29) P.Lindsay right guard pushed ob at PIT 38 for 32 yards (T.Edmunds).	DEN	2018	12	2018112509	1576
66	(7:45) P.Lindsay left end for 65 yards, TOUCHDOWN.	DEN	2018	13	2018120201	2902
67	(2:00) (Shotgun) C.Keenum pass deep middle to R.Cracraft to LAC 6 for 44 yards (J.Addae).	DEN	2018	17	2018123013	1861
68	(2:24) (Shotgun) M.Stafford pass deep right to G.Tate for 38 yards, TOUCHDOWN.	DET	2018	4	2018093002	3466
69	(:30) (Shotgun) M.Stafford pass short right to G.Tate for 45 yards, TOUCHDOWN. Penalty on DAL-R.Gregory, Illegal Use of Hands, declined.	DET	2018	4	2018093002	879
70	(15:00) (Shotgun) K.Johnson right guard pushed ob at MIA 20 for 71 yards (R.Jones).	DET	2018	7	2018102106	782
71	(2:24) (No Huddle, Shotgun) M.Stafford pass deep left to M.Jones for 39 yards, TOUCHDOWN.	DET	2018	8	2018102804	598
72	(3:16) (Shotgun) J.Rosen pass short right intended for T.Sherfield INTERCEPTED by D.Slay [R.Okwara] at DET 33. D.Slay for 67 yards, TOUCHDOWN.	DET	2018	14	2018120911	2792
73	(6:59) (Shotgun) M.Stafford pass deep left to T.Jones for 23 yards, TOUCHDOWN.	DET	2018	17	2018123002	3560
74	(2:29) (Shotgun) A.Rodgers pass short middle to R.Cobb for 75 yards, TOUCHDOWN.	GB	2018	1	2018090912	3564
75	(14:06) (Shotgun) A.Rodgers pass deep right to G.Allison for 39 yards, TOUCHDOWN.	GB	2018	1	2018090912	2775
76	(13:41) A.Rodgers pass deep right to M.Valdes-Scantling to SF 33 for 30 yards (J.Tartt).	GB	2018	6	2018101500	2189
77	(1:13) A.Jones up the middle pushed ob at MIA 4 for 67 yards (X.Howard).	GB	2018	10	2018111103	817
78	(11:23) (Shotgun) A.Rodgers pass deep right to D.Adams to SEA 17 for 57 yards (SL.Griffin) [J.Reed].	GB	2018	11	2018111500	3367
79	(3:21) A.Rodgers pass deep right to R.Tonyan for 54 yards, TOUCHDOWN.	GB	2018	11	2018111500	834
80	(4:31) D.Watson pass deep right to W.Fuller for 73 yards, TOUCHDOWN.	HOU	2018	8	2018102500	2910
81	(2:38) (Shotgun) A.Smith pass short left intended for J.Reed INTERCEPTED by J.Reid [C.Covington] at HST -1. J.Reid for 101 yards, TOUCHDOWN.	HOU	2018	11	2018111806	1838
82	(9:36) L.Miller right guard for 97 yards, TOUCHDOWN.	HOU	2018	12	2018112600	1222
83	(2:20) D.Watson pass short left to D.Hopkins for 14 yards, TOUCHDOWN.	HOU	2018	15	2018121500	3885
84	(8:22) (Shotgun) D.Watson pass deep middle to D.Hopkins for 45 yards, TOUCHDOWN.	HOU	2018	15	2018121500	1484
85	(2:11) (Shotgun) D.Watson pass deep left to V.Smith for 35 yards, TOUCHDOWN. The Replay Official reviewed the pass completion ruling, and the play was Upheld. The ruling on the field was confirmed.	HOU	2018	16	2018122310	4398
86	(5:21) (Shotgun) A.Luck pass short right to N.Hines for 14 yards, TOUCHDOWN.	IND	2018	4	2018093004	3083
87	(7:45) (Shotgun) A.Luck pass deep right to E.Ebron for 20 yards, TOUCHDOWN.	IND	2018	8	2018102808	2525
88	(7:37) A.Luck pass deep middle to T.Hilton for 68 yards, TOUCHDOWN.	IND	2018	11	2018111804	1442
89	(9:43) L.Clark reported in as eligible.  A.Luck pass short right to E.Ebron for 14 yards, TOUCHDOWN.	IND	2018	12	2018112504	361
90	(7:19) A.Luck pass deep middle to T.Hilton to HST 4 for 60 yards (J.Reid).	IND	2018	14	2018120904	1731
91	(2:18) B.Bortles pass deep left to K.Cole for 24 yards, TOUCHDOWN [D.Hightower].	JAX	2018	2	2018091612	760
92	(3:47) (Shotgun) B.Bortles pass deep right to D.Moncrief for 67 yards, TOUCHDOWN.	JAX	2018	4	2018093005	2872
93	(4:38) (Shotgun) B.Bortles pass short middle to D.Westbrook for 11 yards, TOUCHDOWN.	JAX	2018	8	2018102800	2332
94	(3:10) (Shotgun) B.Bortles pass deep right to D.Moncrief for 80 yards, TOUCHDOWN.	JAX	2018	10	2018111104	617
95	(:23) T.Way punts 52 yards to JAX 26, Center-A.East. D.Westbrook for 74 yards, TOUCHDOWN.	JAX	2018	15	2018121606	1977
96	(9:43) R.Tannehill pass short right intended for K.Ballage INTERCEPTED by Tel.Smith [C.Campbell] at MIA 33. Tel.Smith for 33 yards, TOUCHDOWN. PENALTY on JAX-Tel.Smith, Taunting, 15 yards, enforced between downs. Penalty on JAX-Y.Ngakoue, Unsportsmanlike Conduct, declined.	JAX	2018	16	2018122302	3260
97	(9:04) (Shotgun) P.Mahomes pass short right to C.Conley for 4 yards, TOUCHDOWN.	KC	2018	3	2018092305	1338
98	(13:39) (Shotgun) P.Mahomes pass deep right to K.Hunt for 67 yards, TOUCHDOWN.	KC	2018	6	2018101412	2072
99	(8:53) (Shotgun) K.Hunt right tackle to CIN 6 for 21 yards (C.Lawson; S.Williams).	KC	2018	7	2018102105	373
100	(5:19) (Shotgun) P.Mahomes pass short middle to K.Hunt for 23 yards, TOUCHDOWN.	KC	2018	8	2018102805	2683
101	(8:25) (Shotgun) P.Mahomes pass short left to K.Hunt for 50 yards, TOUCHDOWN. CLV-E.Gaines was injured during the play. His return is Probable.	KC	2018	9	2018110403	453
102	(12:15) P.Mahomes pass deep middle to T.Hill for 73 yards, TOUCHDOWN. PENALTY on KC-T.Hill, Taunting, 15 yards, enforced between downs.	KC	2018	11	2018111900	4120
103	(1:29) (Shotgun) P.Mahomes pass deep middle to T.Hill ran ob at BLT 12 for 48 yards [Z.Smith].	KC	2018	14	2018120905	4037
104	(4:43) (No Huddle, Shotgun) P.Mahomes pass short right to D.Robinson for 11 yards, TOUCHDOWN [D.Jordan].	KC	2018	16	2018122314	4063
105	(14:55) (Shotgun) P.Mahomes pass short left to T.Kelce to IND 19 for 10 yards (J.Wilcox).	KC	2018	19	2019011200	1098
106	(6:39) T.Hill left end for 36 yards, TOUCHDOWN.	KC	2018	19	2019011200	661
107	(:23) (Shotgun) P.Mahomes pass deep left to D.Robinson to NE 21 for 27 yards (J.Jackson) [D.Hightower]. Penalty on NE-T.Flowers, Defensive Offside, declined.	KC	2018	20	2019012001	4361
108	(3:35) S.Michel up the middle for 10 yards, TOUCHDOWN.	KC	2018	20	2019012001	3661
109	(12:51) (Shotgun) J.Goff pass deep right to C.Kupp for 53 yards, TOUCHDOWN [U.Nwosu].	LA	2018	3	2018092310	2372
110	(1:33) (Shotgun) J.Goff pass deep middle to B.Cooks for 47 yards, TOUCHDOWN.	LA	2018	4	2018092700	1960
111	(3:55) (Shotgun) J.Goff pass deep right to C.Kupp for 19 yards, TOUCHDOWN.	LA	2018	4	2018092700	1600
112	(1:56) (Shotgun) J.Goff pass deep right to G.Everett for 40 yards, TOUCHDOWN.	LA	2018	11	2018111900	5133
113	(13:38) (Shotgun) P.Mahomes sacked at LA 36 for -11 yards (A.Donald). FUMBLES (A.Donald) [A.Donald], touched at LA 41, RECOVERED by LA-J.Franklin at KC 46. J.Franklin to KC 46 for no gain (A.Reiter).	LA	2018	11	2018111900	2808
114	(2:00) (Shotgun) P.Mahomes sacked at KC 13 for -9 yards (A.Donald). FUMBLES (A.Donald) [A.Donald], RECOVERED by LA-S.Ebukam at KC 11. S.Ebukam for 11 yards, TOUCHDOWN.	LA	2018	11	2018111900	2271
115	(3:33) (Shotgun) P.Mahomes pass deep left to T.Hill for 25 yards, TOUCHDOWN.	LA	2018	11	2018111900	1032
116	(5:43) (Shotgun) J.Goff pass short right to J.Reynolds for 4 yards, TOUCHDOWN. Penalty on KC-E.Murray, Defensive Holding, declined.	LA	2018	11	2018111900	884
117	(14:00) (No Huddle, Shotgun) J.Goff pass short right to B.Cooks to KC 26 for 30 yards (S.Nelson).	LA	2018	11	2018111900	137
118	(3:35) (No Huddle) T.Gurley right guard for 35 yards, TOUCHDOWN.	LA	2018	19	2019011201	1745
119	(:48) (Shotgun) J.Goff pass deep left to B.Cooks to NO 6 for 36 yards (P.Williams). Pass 31, YAC 5	LA	2018	20	2019012000	2070
120	(9:00) (Shotgun) C.Beathard pass short left intended for G.Celek INTERCEPTED by T.Williams at LAC 2. T.Williams to SF 12 for 86 yards (P.Garcon).	LAC	2018	4	2018093010	2478
121	(6:43) P.Rivers pass deep left to Ty.Williams for 45 yards, TOUCHDOWN.	LAC	2018	6	2018101402	1539
122	(9:44) P.Rivers pass deep left to Ty.Williams for 75 yards, TOUCHDOWN.	LAC	2018	7	2018102100	324
123	(12:43) (Shotgun) P.Rivers pass short left to M.Gordon for 66 yards, TOUCHDOWN.	LAC	2018	10	2018111109	1898
124	(8:09) P.Rivers pass short right to K.Allen for 4 yards, TOUCHDOWN. The Replay Official reviewed the pass completion ruling, and the play was Upheld. The ruling on the field stands.	LAC	2018	12	2018112508	2449
125	(13:11) (Punt formation) J.Berry punts 57 yards to LAC 27, Center-K.Canaday. D.King for 73 yards, TOUCHDOWN. PIT-K.Canaday was injured during the play.	LAC	2018	13	2018120208	3040
126	R.Succop kicks 67 yards from TEN 35 to MIA -2. J.Grant for 102 yards, TOUCHDOWN.	MIA	2018	1	2018090903	2956
127	(2:11) (Shotgun) R.Tannehill pass short middle to A.Wilson for 74 yards, TOUCHDOWN.	MIA	2018	3	2018092306	3553
128	(:40) K.Huber punts 50 yards to MIA 29, Center-C.Harris. J.Grant pushed ob at CIN 2 for 69 yards (C.Core). The Replay Official reviewed the runner was out of bounds ruling, and the play was REVERSED. K.Huber punts 50 yards to MIA 29, Center-C.Harris. J.Grant for 71 yards, TOUCHDOWN.	MIA	2018	5	2018100702	1828
129	(3:17) (Shotgun) B.Osweiler pass short middle to A.Wilson for 75 yards, TOUCHDOWN.	MIA	2018	6	2018101404	3499
130	(7:38) (Shotgun) B.Osweiler pass short right to K.Stills for 5 yards, TOUCHDOWN.	MIA	2018	7	2018102106	1216
131	(8:48) (Shotgun) R.Tannehill pass short left to K.Stills for 13 yards, TOUCHDOWN [T.Murphy].	MIA	2018	13	2018120206	3533
132	(:07) (Shotgun) R.Tannehill pass short right to K.Stills to MIA 45 for 14 yards. Lateral to D.Parker to MIA 48 for 3 yards. Lateral to K.Drake for 52 yards, TOUCHDOWN. The Replay Official reviewed the score ruling, and the play was Upheld. The ruling on the field was confirmed.	MIA	2018	14	2018120906	4172
133	(15:00) K.Ballage right tackle for 75 yards, TOUCHDOWN.	MIA	2018	15	2018121607	2080
134	(7:53) (Shotgun) K.Cousins pass short left intended for S.Diggs INTERCEPTED by M.Fitzpatrick at 50. M.Fitzpatrick for 50 yards, TOUCHDOWN.	MIA	2018	15	2018121607	1435
135	(:36) (Shotgun) K.Cousins pass deep right to A.Thielen for 22 yards, TOUCHDOWN [M.Daniels].	MIN	2018	2	2018091602	3925
136	(7:29) (Shotgun) K.Cousins pass deep middle to S.Diggs for 75 yards, TOUCHDOWN.	MIN	2018	2	2018091602	3122
137	(5:23) (Shotgun) K.Cousins pass deep left to A.Robinson for 34 yards, TOUCHDOWN.	MIN	2018	7	2018102107	3944
138	(13:46) L.Murray right guard for 38 yards, TOUCHDOWN.	MIN	2018	7	2018102107	3292
139	(13:28) (Shotgun) K.Cousins pass deep right to A.Thielen for 34 yards, TOUCHDOWN.	MIN	2018	7	2018102107	163
140	(4:45) (Shotgun) D.Cook left tackle to DET 5 for 70 yards (G.Quin).	MIN	2018	9	2018110405	1337
141	(:02) (Shotgun) K.Cousins pass deep right to K.Rudolph for 44 yards, TOUCHDOWN.	MIN	2018	16	2018122307	2368
142	(12:11) (Shotgun) T.Brady pass deep left to C.Patterson for 55 yards, TOUCHDOWN. NE 12-Brady 70th different career TD target, ties NFL record (Testaverde).	NE	2018	4	2018093006	1120
143	C.Parkey kicks 60 yards from CHI 35 to NE 5. C.Patterson for 95 yards, TOUCHDOWN.	NE	2018	7	2018102102	1452
144	(6:09) (Shotgun) D.Anderson pass short right intended for C.Clay INTERCEPTED by D.McCourty at NE 16. D.McCourty for 84 yards, TOUCHDOWN.	NE	2018	8	2018102900	4364
145	(11:44) (No Huddle, Shotgun) J.Edelman pass short left to J.White to GB 2 for 37 yards (A.Morrison). backwards pass Brady to Edelman NE 28-White 61st reception of season, new career high.	NE	2018	9	2018110410	3640
146	(6:58) T.Brady pass deep right to C.Hogan for 63 yards, TOUCHDOWN.	NE	2018	15	2018121610	485
147	(7:20) S.Michel right tackle to LAC 9 for 40 yards (D.James).	NE	2018	19	2019011300	1620
148	(7:43) (Shotgun) T.Brady pass deep left to R.Gronkowski to LA 2 for 29 yards (C.Littleton).	NE	2018	22	2019020300	3556
149	(3:42) J.Goff pass incomplete deep middle to B.Cooks (J.McCourty).	NE	2018	22	2019020300	2816
150	(2:16) A.Kamara right guard for 49 yards, TOUCHDOWN.	NO	2018	4	2018093011	3806
151	(2:46) (Shotgun) D.Brees pass deep right to T.Smith for 62 yards, TOUCHDOWN. Pass 24, YAC 38 PENALTY on NO-M.Thomas, Taunting, 15 yards, enforced between downs. With this TD pass completion, NO #9 D.Brees becomes the NFL's all-time leader in passing yardage.	NO	2018	5	2018100800	1829
152	(6:08) (Shotgun) K.Cousins pass short middle intended for S.Diggs INTERCEPTED by P.Williams at MIN 45. P.Williams for 45 yards, TOUCHDOWN.	NO	2018	8	2018102811	2486
153	(4:02) (Shotgun) D.Brees pass deep left to M.Thomas for 72 yards, TOUCHDOWN. Pass 24, YAC 48. PENALTY on NO-M.Thomas, Unsportsmanlike Conduct, 15 yards, enforced between downs.	NO	2018	9	2018110409	3891
154	(6:05) (Shotgun) D.Brees pass deep right to D.Arnold for 25 yards, TOUCHDOWN. Pass 25, YAC 0	NO	2018	12	2018112202	2504
155	(1:28) (Shotgun) D.Brees pass short right to M.Thomas to PIT 1 for 1 yard (J.Haden). The Replay Official reviewed the short of the goal line ruling, and the play was REVERSED. (Shotgun) D.Brees pass short right to M.Thomas for 2 yards, TOUCHDOWN. Pass 2, YAC 0	NO	2018	16	2018122313	4377
156	(1:40) D.Brees pass short right to G.Griffin for 5 yards, TOUCHDOWN. Pass 5, YAC 0	NO	2018	20	2019012000	906
157	(8:16) E.Manning pass deep right to O.Beckham for 33 yards, TOUCHDOWN. Penalty on CAR-L.Kuechly, Illegal Contact, declined.	NYG	2018	5	2018100701	3474
158	(6:48) O.Beckham pass deep right to S.Barkley for 57 yards, TOUCHDOWN.	NYG	2018	5	2018100701	1468
159	(6:19) (No Huddle, Shotgun) S.Barkley right tackle for 50 yards, TOUCHDOWN.	NYG	2018	6	2018101100	2858
160	(8:06) (Shotgun) E.Manning pass short right to S.Barkley to PHI 13 for 55 yards (B.Graham).	NYG	2018	6	2018101100	1438
161	(13:00) O.Beckham pass deep middle to R.Shepard for 49 yards, TOUCHDOWN. End around to 13-Beckham who throws to 81-Shepard.	NYG	2018	13	2018120207	2405
162	(8:54) S.Barkley right guard for 78 yards, TOUCHDOWN.	NYG	2018	14	2018120908	1494
163	(:22) (Shotgun) E.Manning pass deep left to C.Latimer for 21 yards, TOUCHDOWN.	NYG	2018	17	2018123008	2138
164	(1:04) I.Crowell right end for 62 yards, TOUCHDOWN.	NYJ	2018	1	2018091000	3079
165	(:11) (No Huddle, Shotgun) C.Keenum pass short left intended for C.Sutton INTERCEPTED by M.Maye (M.Claiborne) at NYJ -5. M.Maye to DEN 1 for 104 yards (C.Sutton).	NYJ	2018	5	2018100706	4213
166	(1:17) S.Darnold pass deep left to R.Anderson for 35 yards, TOUCHDOWN.	NYJ	2018	5	2018100706	1999
167	(10:57) (Shotgun) S.Darnold pass deep left to R.Anderson for 76 yards, TOUCHDOWN.	NYJ	2018	5	2018100706	1174
168	(13:59) I.Crowell left end for 77 yards, TOUCHDOWN.	NYJ	2018	5	2018100706	959
169	(12:17) (Shotgun) S.Darnold pass short left to R.Anderson for 7 yards, TOUCHDOWN. Caught 7 yds. into end zone.	NYJ	2018	14	2018120900	3426
170	S.Hauschka kicks 59 yards from BUF 35 to NYJ 6. A.Roberts to BUF 8 for 86 yards (D.Rice).	NYJ	2018	14	2018120900	1617
171	(14:56) D.Carr pass short middle to J.Nelson pushed ob at MIA 14 for 61 yards (J.Baker) [A.Spence].	OAK	2018	3	2018092306	80
172	(10:11) (Shotgun) B.Mayfield pass short left intended for A.Callaway INTERCEPTED by G.Conley at CLV 36. G.Conley for 36 yards, TOUCHDOWN.	OAK	2018	4	2018093009	364
173	(12:33) (Punt formation) J.Townsend left end ran ob at LAC 21 for 42 yards (A.Ekeler).	OAK	2018	10	2018111109	181
174	(3:33) (Shotgun) D.Carr pass deep middle to J.Cook for 24 yards, TOUCHDOWN.	OAK	2018	13	2018120210	3061
175	(10:35) C.Wadman punts 65 yards to OAK 1, Center-C.Kreiter. D.Harris for 99 yards, TOUCHDOWN. The Replay Official reviewed the kick touched ruling, and the play was Upheld. The ruling on the field stands.	OAK	2018	16	2018122400	241
176	(5:56) (Shotgun) N.Foles pass deep right to J.Perkins to TB 20 for 30 yards (J.Whitehead) [W.Gholston].	PHI	2018	2	2018091606	3607
177	(1:15) (Shotgun) C.Wentz pass short left to Z.Ertz for 7 yards, TOUCHDOWN.	PHI	2018	5	2018100709	3830
178	(13:27) (Shotgun) C.Wentz pass short right to A.Jeffery for 13 yards, TOUCHDOWN. Penalty on NYG-A.Ogletree, Illegal Contact, declined.	PHI	2018	6	2018101100	204
179	(2:32) (Shotgun) N.Foles pass deep middle to N.Agholor for 83 yards, TOUCHDOWN.	PHI	2018	16	2018122310	3026
180	(6:42) (Shotgun) N.Foles pass short right to D.Sproles for 37 yards, TOUCHDOWN.	PHI	2018	16	2018122310	436
181	(10:49) N.Foles pass deep left to J.Matthews for 37 yards, TOUCHDOWN [A.Okafor]. Pass 30, YAC 7	PHI	2018	19	2019011301	276
182	(5:29) J.Conner left guard for 22 yards, TOUCHDOWN.	PIT	2018	1	2018090901	2686
183	(9:59) (Shotgun) B.Roethlisberger pass short right to J.Smith-Schuster pushed ob at CLV 7 for 67 yards (D.Randall).	PIT	2018	1	2018090901	2324
184	(5:49) (Shotgun) R.Fitzpatrick pass deep left to M.Evans for 24 yards, TOUCHDOWN [S.Tuitt].	PIT	2018	3	2018092400	3834
185	(6:00) (Shotgun) B.Roethlisberger pass short left to V.McDonald for 75 yards, TOUCHDOWN.	PIT	2018	3	2018092400	539
186	(:43) (Shotgun) B.Roethlisberger pass deep middle to J.Smith-Schuster for 18 yards, TOUCHDOWN.	PIT	2018	5	2018100707	889
187	(10:29) (Shotgun) B.Roethlisberger pass deep left to J.Smith-Schuster for 75 yards, TOUCHDOWN.	PIT	2018	10	2018110800	274
188	(2:36) (Shotgun) B.Roethlisberger pass short middle to V.McDonald for 11 yards, TOUCHDOWN.	PIT	2018	11	2018111810	3854
189	(10:47) B.Roethlisberger pass deep middle to J.Smith-Schuster for 97 yards, TOUCHDOWN [S.Harris].	PIT	2018	12	2018112509	2475
190	(10:19) (No Huddle, Shotgun) R.Wilson pass deep right to T.Lockett for 19 yards, TOUCHDOWN.	SEA	2018	2	2018091700	3335
191	(4:27) R.Wilson pass deep right to T.Lockett for 23 yards, TOUCHDOWN.	SEA	2018	10	2018111110	2569
192	(4:20) (Shotgun) N.Mullens pass short middle intended for J.Wilson INTERCEPTED by B.Wagner at SEA 2. B.Wagner for 98 yards, TOUCHDOWN.	SEA	2018	13	2018120213	3952
193	(13:49) (Shotgun) R.Wilson pass deep left to T.Lockett for 52 yards, TOUCHDOWN [S.Thomas].	SEA	2018	13	2018120213	946
194	(1:06) M.Breida right tackle for 66 yards, TOUCHDOWN.	SF	2018	2	2018091610	3204
195	(:36) C.Beathard pass deep middle to M.Goodwin for 67 yards, TOUCHDOWN.	SF	2018	6	2018101500	913
196	(9:28) R.Mostert right end for 52 yards, TOUCHDOWN.	SF	2018	9	2018110100	2318
197	(14:14) (Shotgun) N.Mullens pass short middle to G.Kittle to OAK 6 for 71 yards (G.Conley). Caught at SF 36.  58-YAC	SF	2018	9	2018110100	2056
198	(13:35) M.Breida left end pushed ob at SF 43 for 33 yards (J.Whitehead).	SF	2018	12	2018112507	153
199	(10:00) (Shotgun) N.Mullens pass short right to G.Kittle for 85 yards, TOUCHDOWN. Caught at SF 30.  70-YAC	SF	2018	14	2018120910	1384
200	(:28) (Shotgun) N.Mullens pass short middle to G.Kittle to DEN 12 for 52 yards (J.Simmons). Caught at SF 43.  45-YAC	SF	2018	14	2018120910	975
201	S.Janikowski kicks 62 yards from SEA 35 to SF 3. R.James for 97 yards, TOUCHDOWN.	SF	2018	15	2018121609	442
202	(4:51) (Shotgun) R.Fitzpatrick pass short middle to O.Howard for 75 yards, TOUCHDOWN.	TB	2018	2	2018091606	1640
203	(15:00) R.Fitzpatrick pass deep middle to D.Jackson for 75 yards, TOUCHDOWN.	TB	2018	2	2018091606	51
204	(5:49) (Shotgun) R.Fitzpatrick pass deep left to M.Evans for 24 yards, TOUCHDOWN [S.Tuitt].	TB	2018	3	2018092400	3834
205	(3:15) (No Huddle, Shotgun) J.Winston pass deep left to M.Evans pushed ob at BLT 21 for 64 yards (J.Smith). PENALTY on BLT-J.Smith, Face Mask (15 Yards), 10 yards, enforced at BLT 21.	TB	2018	15	2018121601	1741
206	(3:53) (Shotgun) J.Winston pass deep right to M.Evans for 19 yards, TOUCHDOWN.	TB	2018	17	2018123010	683
207	J.Sanders kicks 59 yards from MIA 35 to TEN 6. D.Jennings for 94 yards, TOUCHDOWN.	TEN	2018	1	2018090903	3300
208	(10:00) (Punt formation) K.Byard pass deep right to D.Cruikshank for 66 yards, TOUCHDOWN.	TEN	2018	2	2018091607	329
209	(6:05) (Shotgun) M.Mariota pass deep left to C.Davis for 23 yards, TOUCHDOWN. Penalty on NE-S.Gilmore, Defensive Pass Interference, declined.	TEN	2018	10	2018111108	679
210	(9:31) M.Mariota pass short middle to J.Smith for 61 yards, TOUCHDOWN.	TEN	2018	12	2018112600	377
211	(5:41) D.Henry right end for 54 yards, TOUCHDOWN.	TEN	2018	14	2018120600	2726
212	(7:25) D.Henry up the middle for 99 yards, TOUCHDOWN. TEN-J.Smith was injured during the play. His return is Questionable.	TEN	2018	14	2018120600	1238
213	(:06) (Shotgun) J.Johnson pass deep left intended for J.Doctson INTERCEPTED by M.Butler at TEN 44. M.Butler for 56 yards, TOUCHDOWN.	TEN	2018	16	2018122200	3718
214	(13:02) A.Smith pass deep middle to P.Richardson for 46 yards, TOUCHDOWN.	WAS	2018	3	2018092309	138
215	(3:16) A.Peterson right tackle for 64 yards, TOUCHDOWN. PENALTY on NYG-S.Chandler, Horse Collar Tackle, 15 yards, enforced between downs.	WAS	2018	8	2018102806	3696
216	(5:37) (No Huddle, Shotgun) A.Smith pass deep left to M.Harris to ATL 40 for 33 yards (B.Carter).	WAS	2018	9	2018110406	2636
217	(2:38) (Shotgun) A.Smith pass short left intended for J.Reed INTERCEPTED by J.Reid [C.Covington] at HST -1. J.Reid for 101 yards, TOUCHDOWN.	WAS	2018	11	2018111806	1838
218	(7:12) (Shotgun) C.McCoy pass deep left to V.Davis for 53 yards, TOUCHDOWN.	WAS	2018	12	2018112201	1292
219	(9:36) A.Peterson up the middle for 90 yards, TOUCHDOWN.	WAS	2018	13	2018120300	1224
220	(9:02) (Shotgun) J.Johnson pass short middle to J.Crowder for 79 yards, TOUCHDOWN.	WAS	2018	14	2018120908	3577
221	(9:02) (Shotgun) J.Johnson pass short middle to J.Crowder for 79 yards, TOUCHDOWN.	WAS	2018	14	2018120908	3577
222	(13:46) (Shotgun) K.Murray pass deep right to L.Fitzgerald to DET 37 for 41 yards (T.Walker). Penalty on DET-J.Coleman, Defensive Holding, declined.	ARI	2019	1	2019090809	3591
223	(4:23) (No Huddle, Shotgun) K.Murray pass short right intended for D.Johnson INTERCEPTED by J.Clowney at ARZ 27. J.Clowney for 27 yards, TOUCHDOWN.	ARI	2019	4	2019092908	631
224	(5:18) (Shotgun) K.Murray pass short left to D.Johnson for 14 yards, TOUCHDOWN. Penalty on ATL-D.Campbell, Defensive Pass Interference, declined.	ARI	2019	6	2019101307	4196
225	(15:00) (Shotgun) K.Murray pass deep middle to D.Byrd to ATL 1 for 58 yards (I.Oliver). Atlanta challenged the runner was down by contact ruling, and the play was Upheld. The ruling on the field stands. (Timeout #2.)	ARI	2019	6	2019101307	1076
226	(7:19) (Shotgun) K.Murray pass deep left to T.Sherfield pushed ob at ATL 28 for 38 yards (I.Oliver).	ARI	2019	6	2019101307	537
227	(5:09) (No Huddle, Shotgun) K.Murray pass deep right to A.Isabella for 88 yards, TOUCHDOWN.	ARI	2019	9	2019103100	3880
228	(1:10) (Shotgun) K.Murray pass deep right to C.Kirk for 33 yards, TOUCHDOWN.	ARI	2019	10	2019111006	1990
229	(6:35) (No Huddle, Shotgun) K.Murray left end for 22 yards, TOUCHDOWN.	ARI	2019	11	2019111708	3909
230	(8:43) (Shotgun) K.Murray left end for 15 yards, TOUCHDOWN.	ARI	2019	13	2019120108	3886
231	(:20) (Shotgun) K.Murray left end to CLV 32 for 35 yards (D.Ward).	ARI	2019	15	2019121509	941
232	(2:20) (Shotgun) M.Ryan pass short left to J.Jones for 54 yards, TOUCHDOWN.	ATL	2019	2	2019091513	3990
233	(13:31) (Shotgun) M.Ryan pass short right to J.Jones for 4 yards, TOUCHDOWN.	ATL	2019	2	2019091513	2440
234	(1:49) (Shotgun) M.Ryan pass deep middle to J.Jones to CAR 3 for 48 yards (L.Kuechly) [M.Addison]. PENALTY on CAR-M.Addison, Roughing the Passer, 1 yard, enforced at CAR 3.	ATL	2019	11	2019111701	1802
235	(6:44) (Shotgun) M.Ryan pass deep left to O.Zaccheaus for 93 yards, TOUCHDOWN [T.Boston].	ATL	2019	14	2019120800	2777
236	(10:40) (Shotgun) T.Sambrailo reported in as eligible.  M.Ryan pass short middle to T.Sambrailo for 35 yards, TOUCHDOWN.	ATL	2019	17	2019122912	254
237	(13:56) (Shotgun) L.Jackson pass deep middle to W.Snead for 33 yards, TOUCHDOWN.	BAL	2019	1	2019090803	1082
238	(4:28) (Shotgun) L.Jackson pass deep middle to M.Brown for 83 yards, TOUCHDOWN.	BAL	2019	1	2019090803	683
239	(8:12) (Shotgun) L.Jackson pass deep right to M.Andrews for 27 yards, TOUCHDOWN.	BAL	2019	2	2019091500	343
240	(1:24) (Shotgun) J.Hurst reported in as eligible.  L.Jackson right tackle for 8 yards, TOUCHDOWN.	BAL	2019	7	2019102010	2997
241	(5:11) (Shotgun) R.Wilson pass short right intended for J.Brown INTERCEPTED by M.Peters at BLT 33. M.Peters for 67 yards, TOUCHDOWN.	BAL	2019	7	2019102010	1654
242	(8:18) (Shotgun) L.Jackson left end for 47 yards, TOUCHDOWN.	BAL	2019	10	2019111001	2257
243	(11:49) (Shotgun) L.Jackson right end to BLT 48 for 3 yards. Lateral to R.Griffin III pushed ob at CIN 43 for 9 yards (J.Bates III).	BAL	2019	10	2019111001	1000
244	(4:12) (Shotgun) G.Edwards left guard for 63 yards, TOUCHDOWN.	BAL	2019	11	2019111700	4243
245	(9:11) (Shotgun) L.Jackson left tackle to HST 20 for 39 yards (J.Reid). HST-L.Johnson was injured during the play.	BAL	2019	11	2019111700	2795
246	(9:54) (Shotgun) L.Jackson pass short middle to W.Snead IV for 4 yards, TOUCHDOWN. Caught at goal line, crossing to right.	BAL	2019	14	2019120801	3526
247	(13:44) (Shotgun) L.Jackson pass deep left to H.Hurst for 61 yards, TOUCHDOWN [J.Hughes]. Flag pattern, caught at BUF 41.	BAL	2019	14	2019120801	2271
248	(1:04) (Shotgun) L.Jackson pass deep left to S.Roberts for 33 yards, TOUCHDOWN. Lamar Jackson's 4th TD pass of game and 32nd of season.	BAL	2019	15	2019121200	2839
249	(5:14) (Shotgun) L.Jackson pass deep middle to M.Brown for 24 yards, TOUCHDOWN.	BAL	2019	15	2019121200	2486
250	(13:40) (Shotgun) L.Jackson right guard pushed ob at TEN 42 for 27 yards (W.Woodyard).	BAL	2019	19	2020011101	3181
251	(12:16) (Shotgun) L.Jackson scrambles left guard to TEN 27 for 30 yards (L.Ryan).	BAL	2019	19	2020011101	2230
252	(:18) (Shotgun) L.Jackson pass deep right to M.Brown to TEN 04 for 38 yards (A.Hooker).	BAL	2019	19	2020011101	1899
253	(3:07) (Shotgun) J.Allen pass deep left to J.Brown for 38 yards, TOUCHDOWN [L.Williams]. Penalty on NYJ-D.Roberts, Defensive Pass Interference, declined.	BUF	2019	1	2019090805	3965
254	(13:16) (No Huddle, Shotgun) Jos.Allen pass deep right to J.Brown for 40 yards, TOUCHDOWN.	BUF	2019	11	2019111704	1003
255	(2:00) J.Brown pass deep right to D.Singletary for 28 yards, TOUCHDOWN. Double reverse.	BUF	2019	13	2019112801	1800
256	(8:09) (No Huddle, Shotgun) J.Allen pass short middle to C.Beasley for 25 yards, TOUCHDOWN.	BUF	2019	13	2019112801	1274
257	(1:34) (Shotgun) D.Hodges pass short right intended for D.Johnson INTERCEPTED by T.White at BUF 33. T.White pushed ob at PIT 18 for 49 yards (M.Feiler).	BUF	2019	15	2019121506	2650
258	(1:34) (Shotgun) D.Hodges pass short right intended for D.Johnson INTERCEPTED by T.White at BUF 33. T.White pushed ob at PIT 18 for 49 yards (M.Feiler).	BUF	2019	15	2019121506	2650
259	(:06) D.Dawkins reported in as eligible.  J.Allen pass short left to D.Dawkins for 1 yard, TOUCHDOWN.	BUF	2019	16	2019122101	2075
260	(:16) (Shotgun) J.Allen pass deep left to D.Knox for 34 yards, TOUCHDOWN. The Replay Official reviewed the runner was not down by contact ruling, and the play was REVERSED. (Shotgun) J.Allen pass deep left to D.Knox to NE 1 for 33 yards (P.Chung).	BUF	2019	16	2019122101	1984
261	(11:50) (Shotgun) J.Brown pass short left to J.Allen for 16 yards, TOUCHDOWN.	BUF	2019	18	2020010400	172
262	(13:12) (Shotgun) J.Allen right end to HST 20 for 42 yards (J.Addae).	BUF	2019	18	2020010400	122
263	(2:05) C.McCaffrey up the middle for 76 yards, TOUCHDOWN.	CAR	2019	3	2019092208	3025
264	(14:01) C.McCaffrey left guard for 84 yards, TOUCHDOWN.	CAR	2019	5	2019100600	2504
265	(13:43) (Shotgun) G.Minshew sacked at CAR 41 for -7 yards (M.Addison). FUMBLES (M.Addison), RECOVERED by CAR-B.Burns at CAR 44. B.Burns for 56 yards, TOUCHDOWN.	CAR	2019	5	2019100600	1247
266	(7:34) G.Minshew pass deep left to D.Chark for 37 yards, TOUCHDOWN.	CAR	2019	5	2019100600	435
267	(11:24) C.McCaffrey left end for 40 yards, TOUCHDOWN.	CAR	2019	8	2019102709	2477
268	(3:16) K.Allen pass deep left to D.Moore for 51 yards, TOUCHDOWN. Pass 49, YAC 2	CAR	2019	12	2019112405	789
269	(6:01) (Shotgun) C.Patterson left end pushed ob at DEN 22 for 46 yards (J.Simmons).	CHI	2019	2	2019091511	2545
270	(:49) (Shotgun) M.Trubisky pass incomplete deep right to T.Gabriel. The Replay Official reviewed the incomplete pass ruling, and the play was REVERSED. (Shotgun) M.Trubisky pass deep right to T.Gabriel for 36 yards, TOUCHDOWN.	CHI	2019	3	2019092300	2165
271	(:49) (Shotgun) M.Trubisky pass incomplete deep right to T.Gabriel. The Replay Official reviewed the incomplete pass ruling, and the play was REVERSED. (Shotgun) M.Trubisky pass deep right to T.Gabriel for 36 yards, TOUCHDOWN.	CHI	2019	3	2019092300	2165
272	(1:58) (Punt formation) A.Cole punts 43 yards to CHI 13, Center-T.Sieg. T.Cohen to OAK 16 for 71 yards (K.Nixon).	CHI	2019	5	2019100605	2704
273	(5:26) (No Huddle, Shotgun) C.Daniel pass deep right to A.Miller to OAK 9 for 32 yards (L.Joyner).	CHI	2019	5	2019100605	2453
274	W.Lutz kicks 67 yards from NO 35 to CHI -2. C.Patterson for 102 yards, TOUCHDOWN.	CHI	2019	7	2019102009	972
275	(1:59) (Shotgun) D.Montgomery right guard to LAC 15 for 55 yards (R.Jenkins). LAC-R.Jenkins was injured during the play. His return is Questionable.	CHI	2019	8	2019102702	1890
276	(7:16) (Shotgun) M.Trubisky pass short right to T.Cohen for 14 yards, TOUCHDOWN.	CHI	2019	11	2019111711	2368
277	(6:25) J.Goff pass short right intended for J.Reynolds INTERCEPTED by R.Smith at CHI 17. R.Smith to CHI 17 for no gain (J.Reynolds).	CHI	2019	11	2019111711	607
278	(2:52) (Shotgun) M.Trubisky pass deep right to A.Miller to DET 2 for 32 yards (J.Coleman).	CHI	2019	13	2019112800	3859
279	(13:28) (Shotgun) M.Trubisky left tackle for 23 yards, TOUCHDOWN.	CHI	2019	14	2019120500	3336
280	(14:23) (Shotgun) A.Dalton pass deep right to A.Tate to JAX 41 for 33 yards (J.Wilson; T.Herndon). Penalty on JAX-T.Herndon, Defensive Pass Interference, declined.	CIN	2019	7	2019102002	2510
281	(:03) (Shotgun) A.Dalton pass deep middle to T.Eifert for 25 yards, TOUCHDOWN.	CIN	2019	16	2019122208	4846
282	(13:39) (Shotgun) B.Mayfield pass deep right to D.Ratley for 46 yards, TOUCHDOWN.	CIN	2019	17	2019122903	100
283	(3:43) (Shotgun) B.Mayfield pass short middle to O.Beckham for 89 yards, TOUCHDOWN.	CLE	2019	2	2019091600	2893
284	(11:32) (Shotgun) B.Mayfield pass deep right to O.Beckham ran ob at NYJ 4 for 33 yards (N.Hairston).	CLE	2019	2	2019091600	201
285	(6:15) (Shotgun) B.Mayfield pass short left to N.Chubb to LA 16 for 30 yards (J.Johnson).	CLE	2019	3	2019092213	2513
286	(9:47) N.Chubb right tackle for 88 yards, TOUCHDOWN.	CLE	2019	4	2019092901	3210
287	(15:00) (Shotgun) O.Beckham pass short right to J.Landry pushed ob at CLV 45 for 20 yards (F.Warner). Caught at C 39.  6-yac	CLE	2019	5	2019100700	51
288	(:35) (Shotgun) N.Chubb left guard to SEA 31 for 52 yards (T.Flowers).	CLE	2019	6	2019101302	912
289	(5:33) (Shotgun) B.Mayfield pass short middle to S.Carlson for 8 yards, TOUCHDOWN [C.Heyward].	CLE	2019	11	2019111400	4024
290	(1:51) B.Mayfield pass deep middle to O.Beckham for 35 yards, TOUCHDOWN.	CLE	2019	12	2019112404	993
291	(12:55) N.Chubb right guard to CIN 3 for 57 yards (W.Jackson III). Penalty on CIN-A.Brown, Defensive Offside, declined.	CLE	2019	14	2019120802	2389
292	(7:23) (Shotgun) B.Mayfield pass deep right to O.Beckham Jr. for 20 yards, TOUCHDOWN.	CLE	2019	17	2019122903	3247
293	(7:23) (Shotgun) B.Mayfield pass deep right to O.Beckham Jr. for 20 yards, TOUCHDOWN.	CLE	2019	17	2019122903	3247
294	(2:00) B.Mayfield pass short middle to J.Landry for 56 yards, TOUCHDOWN.	CLE	2019	17	2019122903	1753
295	(9:53) (No Huddle, Shotgun) D.Prescott pass deep middle to R.Cobb for 25 yards, TOUCHDOWN. Penalty on NYG-A.Hamilton, Illegal Contact, declined.	DAL	2019	1	2019090810	2547
296	(6:18) D.Prescott pass deep middle to D.Smith for 51 yards, TOUCHDOWN.	DAL	2019	2	2019091509	1494
297	(7:08) (Shotgun) D.Prescott pass short right to A.Cooper for 12 yards, TOUCHDOWN.	DAL	2019	10	2019111010	2757
298	(2:00) (Shotgun) D.Prescott pass deep right to R.Cobb for 22 yards, TOUCHDOWN. Penalty on MIN-S.Weatherly, Defensive Offside, declined.	DAL	2019	10	2019111010	1826
299	(8:03) (Shotgun) D.Prescott pass short right to E.Elliott for 17 yards, TOUCHDOWN.	DAL	2019	11	2019111702	3691
300	(4:34) (No Huddle, Shotgun) D.Prescott pass deep left to A.Cooper for 19 yards, TOUCHDOWN.	DAL	2019	14	2019120500	4210
301	(11:49) (Shotgun) D.Prescott pass deep left to T.Austin for 59 yards, TOUCHDOWN.	DAL	2019	15	2019121511	1368
302	(14:56) (Shotgun) D.Prescott pass deep left to M.Gallup to PHI 38 for 41 yards (R.Darby).	DAL	2019	16	2019122212	930
303	(12:23) (No Huddle, Shotgun) D.Prescott pass deep left to A.Cooper to WAS 16 for 48 yards (K.Ladler). Penalty on WAS-R.Anderson, Defensive Offside, declined.	DAL	2019	17	2019122904	1340
304	(:37) (No Huddle, Shotgun) J.Flacco pass short right to E.Sanders for 7 yards, TOUCHDOWN.	DEN	2019	2	2019091511	4097
305	(5:11) (Shotgun) J.Flacco pass deep left to C.Sutton for 70 yards, TOUCHDOWN.	DEN	2019	5	2019100610	516
306	(12:48) B.Allen pass short middle to N.Fant for 75 yards, TOUCHDOWN [O.Vernon].	DEN	2019	9	2019110309	977
307	(12:48) B.Allen pass short middle to N.Fant for 75 yards, TOUCHDOWN [O.Vernon].	DEN	2019	9	2019110309	977
308	(6:16) B.Allen pass deep right to C.Sutton for 21 yards, TOUCHDOWN.	DEN	2019	9	2019110309	471
309	(6:25) B.Allen pass deep left to C.Sutton to MIN 32 for 48 yards (X.Rhodes).	DEN	2019	11	2019111705	537
310	(4:20) (Shotgun) M.Stafford pass short right to K.Johnson for 36 yards, TOUCHDOWN.	DET	2019	2	2019091502	653
311	J.Elliott kicks 65 yards from PHI 35 to DET 0. J.Agnew for 100 yards, TOUCHDOWN.	DET	2019	3	2019092207	315
312	(11:12) M.Stafford pass deep right to M.Hall pushed ob at GB 16 for 58 yards (C.Sullivan).	DET	2019	6	2019101400	288
313	(14:55) M.Stafford pass deep right to K.Golladay to GB 11 for 66 yards (J.Alexander).	DET	2019	6	2019101400	59
314	(12:21) M.Stafford pass deep left to K.Golladay for 41 yards, TOUCHDOWN.	DET	2019	8	2019102703	3344
315	(11:12) (Shotgun) D.Blough pass deep left to K.Golladay for 75 yards, TOUCHDOWN.	DET	2019	13	2019112800	349
316	(8:07) (Shotgun) D.Amendola pass short left to D.Blough for 19 yards, TOUCHDOWN.	DET	2019	17	2019122905	504
317	(1:09) (Shotgun) M.Trubisky sacked at CHI 5 for -11 yards (P.Smith).	GB	2019	1	2019090500	4576
318	(13:15) A.Rodgers pass short right to J.Graham for 8 yards, TOUCHDOWN. Penalty on CHI, Defensive Too Many Men on Field, declined.	GB	2019	1	2019090500	1159
319	(5:17) K.Cousins pass deep right intended for S.Diggs INTERCEPTED by K.King at GB -9. Touchback.	GB	2019	2	2019091503	3839
320	(12:59) (Shotgun) A.Rodgers pass short right to J.Williams for 15 yards, TOUCHDOWN.	GB	2019	2	2019091503	130
321	(11:52) (Shotgun) A.Rodgers pass deep right to D.Adams to PHI 7 for 58 yards (S.Jones).	GB	2019	4	2019092600	253
322	(9:10) (Shotgun) A.Rodgers pass deep left to A.Lazard for 35 yards, TOUCHDOWN.	GB	2019	6	2019101400	3471
323	(6:28) (Shotgun) A.Rodgers pass short left to M.Valdes-Scantling for 74 yards, TOUCHDOWN.	GB	2019	7	2019102004	3525
324	(9:47) (Shotgun) A.Rodgers pass deep right to A.Jones for 21 yards, TOUCHDOWN.	GB	2019	7	2019102004	390
325	(14:05) (Shotgun) A.Rodgers pass short right to J.Williams for 3 yards, TOUCHDOWN [E.Ogbah].	GB	2019	8	2019102712	3067
326	(10:24) (Shotgun) A.Rodgers pass deep right to J.Kumerow to KC 11 for 34 yards (D.Sorensen) [E.Ogbah]. Kansas City challenged the pass completion ruling, and the play was Upheld. The ruling on the field stands. (Timeout #1.)	GB	2019	8	2019102712	282
327	(2:53) (Shotgun) A.Rodgers pass deep middle to J.Graham to CAR 26 for 48 yards (E.Reid).	GB	2019	10	2019111003	1651
328	(12:05) A.Rodgers pass deep right to D.Adams to CAR 10 for 37 yards (R.Cockrell).	GB	2019	10	2019111003	1166
329	(4:53) (Shotgun) A.Rodgers pass deep left to D.Adams for 29 yards, TOUCHDOWN.	GB	2019	15	2019121503	592
330	(2:19) (Shotgun) A.Rodgers pass deep right to D.Adams pushed ob at SEA 46 for 32 yards (U.Amadi).	GB	2019	19	2020011201	3709
331	(7:21) A.Rodgers pass deep left to D.Adams for 40 yards, TOUCHDOWN.	GB	2019	19	2020011201	2489
332	(10:42) (Shotgun) A.Rodgers pass deep left to D.Adams for 20 yards, TOUCHDOWN.	GB	2019	19	2020011201	227
333	(10:48) (Shotgun) A.Rodgers pass deep right to D.Adams to SF 22 for 65 yards (J.Tartt). Caught at SF 44.  22-yac	GB	2019	20	2020011901	3088
334	(:43) (Shotgun) D.Watson pass deep middle to K.Stills for 37 yards, TOUCHDOWN [V.Bell]. Pass 32, YAC 5	HOU	2019	1	2019090900	4163
335	(:50) (Shotgun) D.Watson pass deep left to D.Hopkins pushed ob at NO 37 for 38 yards (M.Lattimore) [M.Davenport]. Pass 34, YAC 4	HOU	2019	1	2019090900	4134
336	(14:19) (Shotgun) D.Watson left end for 21 yards, TOUCHDOWN.	HOU	2019	1	2019090900	964
337	(2:55) (Shotgun) D.Watson pass deep middle to W.Fuller to NO 40 for 54 yards (E.Apple). Pass 50, YAC 4	HOU	2019	1	2019090900	750
338	(8:48) (No Huddle, Shotgun) K.Coutee left end for 4 yards, TOUCHDOWN.	HOU	2019	7	2019102005	2535
339	(6:34) (Shotgun) D.Watson pass short right to D.Fells for 9 yards, TOUCHDOWN.	HOU	2019	8	2019102704	3835
340	(12:41) (Shotgun) D.Watson pass deep left to D.Hopkins for 30 yards, TOUCHDOWN.	HOU	2019	12	2019112100	2979
341	(5:36) D.Watson pass deep left to W.Fuller to IND 24 for 51 yards (K.Moore II).	HOU	2019	12	2019112100	2579
342	(9:58) (Shotgun) D.Watson right end for 6 yards, TOUCHDOWN.	HOU	2019	13	2019120111	3483
343	(5:49) (Shotgun) D.Watson pass deep left to K.Stills for 35 yards, TOUCHDOWN.	HOU	2019	13	2019120111	2602
344	(7:46) D.Watson pass deep left to D.Hopkins for 43 yards, TOUCHDOWN.	HOU	2019	14	2019120804	2583
345	(1:31) (Shotgun) J.Winston pass short left intended for D.Ogunbowale INTERCEPTED by J.Addae at TB 41. J.Addae to TB 37 for 4 yards (O.Howard).	HOU	2019	16	2019122100	4240
346	(4:16) (Shotgun) D.Watson pass short right to T.Jones to BUF 10 for 34 yards (K.Johnson) [J.Phillips].	HOU	2019	18	2020010400	4780
347	(8:56) D.Watson pass deep left to D.Hopkins to BUF 28 for 41 yards (T.White) [S.Lawson].	HOU	2019	18	2020010400	3187
348	(1:41) (Shotgun) D.Watson right end for 20 yards, TOUCHDOWN. The Replay Official reviewed the runner broke the plane ruling, and the play was Upheld. The ruling on the field stands.	HOU	2019	18	2020010400	2660
349	(2:34) (Shotgun) D.Watson pass short right to D.Hopkins pushed ob at KC 30 for 9 yards (B.Breeland).	HOU	2019	19	2020011200	3244
350	(10:13) D.Colquitt punt is BLOCKED by B.Mingo, Center-J.Winchester, RECOVERED by HST-L.Johnson at KC 10. L.Johnson for 10 yards, TOUCHDOWN.	HOU	2019	19	2020011200	346
351	(12:07) (Shotgun) D.Watson pass deep left to K.Stills for 54 yards, TOUCHDOWN.	HOU	2019	19	2020011200	174
352	(5:06) Dam.Williams up the middle to KC 33 for -1 yards (J.Houston).	IND	2019	5	2019100612	4026
353	(10:34) J.Brissett pass incomplete short left to E.Ebron. Indianapolis challenged the incomplete pass ruling, and the play was REVERSED. J.Brissett pass short left to E.Ebron for 4 yards, TOUCHDOWN.	IND	2019	7	2019102005	2340
354	(2:47) (Shotgun) J.Winston pass short right intended for B.Perriman INTERCEPTED by D.Leonard [K.Willis] at IND 20. D.Leonard for 80 yards, TOUCHDOWN.	IND	2019	14	2019120808	1749
355	(12:54) (Shotgun) J.Brissett pass deep right to M.Johnson for 46 yards, TOUCHDOWN. Penalty on TB-S.Bunting, Illegal Contact, declined.	IND	2019	14	2019120808	168
356	(7:34) (Punt formation) M.Palardy punts 53 yards to IND 29, Center-J.Jansen. N.Hines for 71 yards, TOUCHDOWN.	IND	2019	16	2019122207	3442
357	(7:58) (Punt formation) M.Palardy punts 56 yards to IND 16, Center-J.Jansen. N.Hines for 84 yards, TOUCHDOWN.	IND	2019	16	2019122207	511
358	(5:31) (Shotgun) N.Foles pass deep right to D.Chark for 35 yards, TOUCHDOWN [C.Jones].	JAX	2019	1	2019090802	584
359	(13:36) (Shotgun) P.Mahomes pass short middle to S.Watkins for 68 yards, TOUCHDOWN.	JAX	2019	1	2019090802	103
360	(4:38) L.Fournette up the middle to TEN 9 for 69 yards (K.Byard).	JAX	2019	3	2019091900	3693
361	(6:42) (Shotgun) G.Minshew pass deep left to D.Chark for 22 yards, TOUCHDOWN.	JAX	2019	3	2019091900	540
362	(2:57) L.Fournette left tackle to DEN 12 for 81 yards (D.Dawson).	JAX	2019	4	2019092911	2937
363	(4:46) (Shotgun) G.Minshew pass short left to R.Armstead for 7 yards, TOUCHDOWN [D.Wolfe]. DEN-B.Chubb was injured during the play.	JAX	2019	4	2019092911	2752
364	(4:22) (Shotgun) G.Minshew II pass short right to D.Chark Jr. for 8 yards, TOUCHDOWN.	JAX	2019	8	2019102705	3597
365	(1:24) (Shotgun) G.Minshew II pass deep middle to C.Conley for 70 yards, TOUCHDOWN.	JAX	2019	8	2019102705	825
366	(12:08) (Shotgun) G.Minshew II pass deep right to C.Conley for 42 yards, TOUCHDOWN.	JAX	2019	16	2019122205	3272
367	(:47) (Shotgun) P.Mahomes pass deep left to D.Robinson for 39 yards, TOUCHDOWN.	KC	2019	2	2019091510	2350
368	(1:46) (Shotgun) P.Mahomes pass deep left to T.Kelce for 27 yards, TOUCHDOWN.	KC	2019	2	2019091510	2150
369	(5:57) (Shotgun) P.Mahomes pass deep middle to M.Hardman for 42 yards, TOUCHDOWN.	KC	2019	2	2019091510	1744
370	(3:12) (Shotgun) P.Mahomes pass deep left to M.Hardman for 83 yards, TOUCHDOWN.	KC	2019	3	2019092204	1643
371	(10:32) (Shotgun) P.Mahomes pass deep right to M.Hardman pushed ob at IND 45 for 31 yards (G.Odum). Penalty on IND-P.Desir, Defensive Pass Interference, declined.	KC	2019	5	2019100612	2804
372	(14:19) (Shotgun) P.Mahomes pass deep right to B.Pringle for 27 yards, TOUCHDOWN.	KC	2019	5	2019100612	1063
373	(11:53) (Shotgun) P.Mahomes pass deep middle to T.Hill for 46 yards, TOUCHDOWN. Penalty on HST-W.Mercilus, Defensive Offside, declined.	KC	2019	6	2019101304	291
374	(11:04) (Shotgun) M.Moore pass deep right to T.Kelce for 29 yards, TOUCHDOWN [R.Gary].	KC	2019	8	2019102712	1205
375	(4:53) (Shotgun) M.Moore pass deep right to T.Hill to MIN 19 for 41 yards (T.Waynes) [L.Joseph].	KC	2019	9	2019110303	4073
376	(6:25) Dam.Williams up the middle for 91 yards, TOUCHDOWN.	KC	2019	9	2019110303	2909
377	(8:28) M.Moore pass deep right to T.Hill for 40 yards, TOUCHDOWN [E.Griffen].	KC	2019	9	2019110303	511
378	(12:04) (Shotgun) P.Mahomes pass short middle to M.Hardman for 63 yards, TOUCHDOWN.	KC	2019	10	2019111007	3195
379	(5:01) (Shotgun) P.Mahomes pass deep left to T.Kelce for 23 yards, TOUCHDOWN [U.Nwosu].	KC	2019	11	2019111800	2807
380	(3:52) (Shotgun) D.Carr pass short right intended for T.Williams INTERCEPTED by J.Thornhill at OAK 46. J.Thornhill for 46 yards, TOUCHDOWN.	KC	2019	13	2019120105	1615
381	(9:37) (Shotgun) Direct snap to T.Kelce.  T.Kelce up the middle for 4 yards, TOUCHDOWN.	KC	2019	14	2019120811	1512
382	(13:14) (Shotgun) P.Mahomes pass deep left to M.Hardman for 48 yards, TOUCHDOWN.	KC	2019	14	2019120811	1269
383	(9:50) P.Mahomes pass deep right to T.Hill for 41 yards, TOUCHDOWN.	KC	2019	15	2019121504	356
384	(6:41) (Shotgun) Dam.Williams left end for 84 yards, TOUCHDOWN.	KC	2019	17	2019122908	2401
385	T.Long kicks 69 yards from LAC 35 to KC -4. M.Hardman for 104 yards, TOUCHDOWN.	KC	2019	17	2019122908	2061
386	(9:28) (Shotgun) D.Watson sacked at HST 29 for -2 yards (F.Clark).	KC	2019	19	2020011200	2798
387	(6:37) (Shotgun) P.Mahomes pass short right to T.Kelce for 6 yards, TOUCHDOWN.	KC	2019	19	2020011200	1733
388	K.Fairbairn kicks 65 yards from HST 35 to KC 0. M.Hardman ran ob at HST 42 for 58 yards (L.Johnson). HST-L.Johnson was injured during the play.	KC	2019	19	2020011200	1287
389	(1:28) (Shotgun) R.Tannehill sacked at TEN 18 for -17 yards (F.Clark).	KC	2019	20	2020011900	4164
390	(7:44) (Shotgun) P.Mahomes pass deep middle to S.Watkins for 60 yards, TOUCHDOWN. Penalty on TEN-T.Brock, Defensive Holding, declined.	KC	2019	20	2020011900	3437
391	(:23) (Shotgun) P.Mahomes scrambles left end for 27 yards, TOUCHDOWN.	KC	2019	20	2020011900	2094
392	(4:07) (Shotgun) P.Mahomes pass deep left to T.Hill for 20 yards, TOUCHDOWN.	KC	2019	20	2020011900	1663
393	(:51) (Shotgun) P.Mahomes pass short middle to T.Hill for 8 yards, TOUCHDOWN.	KC	2019	20	2020011900	959
394	(:36) C.Erving reported in as eligible.  P.Mahomes right end for 1 yard, TOUCHDOWN.	KC	2019	22	2020020200	784
395	(9:08) (Shotgun) J.Goff pass short left to C.Kupp for 67 yards, TOUCHDOWN [C.Jordan]. The Replay Official reviewed the runner broke the plane ruling, and the play was REVERSED. (Shotgun) J.Goff pass short left to C.Kupp to NO 1 for 66 yards (A.Klein) [C.Jordan].	LA	2019	2	2019091512	3620
396	(10:44) (Shotgun) J.Goff pass short left to C.Kupp for 11 yards, TOUCHDOWN.	LA	2019	3	2019092213	2292
397	(4:00) J.Goff pass short middle to G.Everett to SEA 1 for 32 yards (M.Kendricks).	LA	2019	5	2019100300	3009
398	(12:48) (Shotgun) J.Goff pass deep right to C.Kupp to CIN 14 for 40 yards (T.McRae). Penalty on CIN, Defensive Holding, declined.	LA	2019	8	2019102706	2310
399	(4:11) J.Goff pass short right to C.Kupp for 65 yards, TOUCHDOWN. Kupp scores on the flea flicker play	LA	2019	8	2019102706	1583
400	(14:53) (Shotgun) M.Rudolph Aborted. M.Pouncey FUMBLES at PIT 35, RECOVERED by LA-D.Fowler at PIT 26. D.Fowler for 26 yards, TOUCHDOWN.	LA	2019	10	2019111009	110
401	(10:53) (Shotgun) J.Goff pass short left to R.Woods pushed ob at ARZ 43 for 48 yards (J.Thompson). ARZ-J.Thompson was injured during the play.	LA	2019	13	2019120108	2582
402	(5:12) (Shotgun) J.Goff pass short right to C.Kupp for 22 yards, TOUCHDOWN. Caught at SF 8.  8-yac	LA	2019	16	2019122102	2860
403	(8:38) P.Rivers pass short right to A.Ekeler for 55 yards, TOUCHDOWN.	LAC	2019	1	2019090807	2078
404	(:49) C.Wadman punts 51 yards to LAC 32, Center-C.Kreiter. D.King for 68 yards, TOUCHDOWN.	LAC	2019	5	2019100610	2956
405	(2:22) (Shotgun) P.Rivers pass deep left to M.Williams to DEN 38 for 38 yards (I.Yiadom).	LAC	2019	13	2019120109	3570
406	(14:06) (Shotgun) P.Rivers pass short right to A.Ekeler for 84 yards, TOUCHDOWN [Y.Ngakoue].	LAC	2019	14	2019120809	2150
407	S.Hauschka kicks 66 yards from BUF 35 to MIA -1. J.Grant for 101 yards, TOUCHDOWN.	MIA	2019	11	2019111704	2047
408	(4:44) (Field Goal formation) Direct snap to M.Haack.  M.Haack pass short middle to J.Sanders for 1 yard, TOUCHDOWN.	MIA	2019	13	2019120106	1734
409	(10:41) T.Brady pass short right intended for J.Edelman INTERCEPTED by E.Rowe at NE 35. E.Rowe for 35 yards, TOUCHDOWN.	MIA	2019	17	2019122910	1072
410	(8:28) D.Cook left end for 19 yards, TOUCHDOWN.	MIN	2019	1	2019090804	472
411	(9:19) (Shotgun) K.Cousins pass deep middle to S.Diggs for 45 yards, TOUCHDOWN. PENALTY on MIN-S.Diggs, Unsportsmanlike Conduct, 15 yards, enforced between downs.	MIN	2019	2	2019091503	2645
412	(14:12) D.Cook left tackle for 75 yards, TOUCHDOWN.	MIN	2019	2	2019091503	975
413	(11:31) K.Cousins pass deep right to A.Thielen for 35 yards, TOUCHDOWN [P.Hall].	MIN	2019	3	2019092205	228
414	(1:22) K.Cousins pass short middle to S.Diggs for 11 yards, TOUCHDOWN.	MIN	2019	6	2019101306	3030
415	(9:39) K.Cousins pass deep left to S.Diggs for 51 yards, TOUCHDOWN.	MIN	2019	6	2019101306	1331
416	(11:47) K.Cousins pass deep middle to S.Diggs for 62 yards, TOUCHDOWN.	MIN	2019	6	2019101306	1101
417	(5:23) K.Cousins pass deep left to A.Thielen for 25 yards, TOUCHDOWN.	MIN	2019	7	2019102003	840
418	(12:00) (Shotgun) K.Cousins pass deep right to S.Diggs to MIN 49 for 39 yards (J.Reaves; J.Norman). PENALTY on WAS-J.Reaves, Unnecessary Roughness, 15 yards, enforced at MIN 49.	MIN	2019	8	2019102400	1891
419	(1:02) (No Huddle, Shotgun) K.Cousins pass short left to D.Cook pushed ob at WAS 8 for 31 yards (J.Norman).	MIN	2019	8	2019102400	1552
420	(12:21) K.Cousins pass short middle to D.Cook to MIN 43 for 18 yards (Q.Dunbar; M.Sweat).	MIN	2019	8	2019102400	989
421	(10:29) (No Huddle, Shotgun) K.Cousins pass deep middle to S.Diggs for 54 yards, TOUCHDOWN.	MIN	2019	11	2019111705	3426
422	(12:59) (No Huddle, Shotgun) K.Cousins pass deep right to L.Treadwell for 58 yards, TOUCHDOWN.	MIN	2019	13	2019120200	3064
423	(9:01) S.Diggs right end to SEA 2 for 27 yards (Sl.Griffin).	MIN	2019	13	2019120200	286
424	(:37) (Shotgun) K.Cousins pass deep right to S.Diggs pushed ob at DET 3 for 44 yards (D.Slay).	MIN	2019	14	2019120805	2183
425	(13:39) (Shotgun) K.Cousins pass deep right to S.Diggs for 21 yards, TOUCHDOWN.	MIN	2019	16	2019122300	1099
426	(12:42) K.Cousins pass deep right to A.Thielen to NO 2 for 43 yards (P.Robinson). Pass 40, YAC 3	MIN	2019	18	2020010500	4344
427	(2:49) J.Garoppolo pass short right intended for D.Samuel INTERCEPTED by E.Kendricks at SF 33. E.Kendricks to SF 29 for 4 yards (D.Samuel).	MIN	2019	19	2020011100	1547
428	(5:30) (Shotgun) K.Cousins pass deep left to S.Diggs for 41 yards, TOUCHDOWN. Caught at SF 19.  19-yac	MIN	2019	19	2020011100	566
429	(8:13) (Shotgun) T.Brady pass deep right to P.Dorsett for 58 yards, TOUCHDOWN. NE 12-Brady 520th career TD pass, ties Brees for 2nd-most all-time (P. Manning 539). NE 13-Dorsett 1st career multiple TD game.	NE	2019	1	2019090812	2495
430	(4:55) (No Huddle, Shotgun) T.Brady pass short right to J.Gordon for 20 yards, TOUCHDOWN.	NE	2019	1	2019090812	570
431	(5:35) (No Huddle, Shotgun) J.Edelman pass short left to J.White to PIT 20 for 32 yards (C.Sutton).	NE	2019	1	2019090812	546
432	(1:24) (Shotgun) T.Brady pass deep left to A.Brown for 20 yards, TOUCHDOWN.	NE	2019	2	2019091505	1423
433	(4:19) (Shotgun) T.Brady pass deep left to J.Gordon pushed ob at NYJ 4 for 28 yards (D.Roberts).	NE	2019	3	2019092206	2691
434	(8:43) (Shotgun) D.Jones pass short right to J.Hilliman to NYG 26 for -7 yards (J.Collins). FUMBLES (J.Collins), RECOVERED by NE-K.Van Noy at NYG 22. K.Van Noy ran ob at NYG 2 for 20 yards (D.Jones). The Replay Official reviewed the runner was out of bounds ruling, and the play was REVERSED. (Shotgun) D.Jones pass short right to J.Hilliman to NYG 26 for -7 yards (J.Collins). FUMBLES (J.Collins), touched at NYG 25, RECOVERED by NE-K.Van Noy at NYG 22. K.Van Noy for 22 yards, TOUCHDOWN.	NE	2019	6	2019101000	3335
435	(11:28) (No Huddle, Shotgun) J.Edelman pass short right to P.Dorsett for 15 yards, TOUCHDOWN.	NE	2019	11	2019111710	2493
436	(12:43) T.Brady pass deep right to J.Edelman for 37 yards, TOUCHDOWN. flea flicker	NE	2019	14	2019120811	211
437	(7:32) (Shotgun) A.Dalton pass short right intended for T.Boyd INTERCEPTED by S.Gilmore at NE 36. S.Gilmore for 64 yards, TOUCHDOWN.	NE	2019	15	2019121501	2512
438	(4:16) E.Roberts reported in as eligible.  S.Michel left guard ran ob at TEN 40 for 25 yards (K.Byard).	NE	2019	18	2020010401	698
439	(8:06) (Shotgun) D.Watson pass deep middle intended for K.Allen INTERCEPTED by H.Smith at NFC 3. H.Smith to NFC 39 for 36 yards. Lateral to F.Cox for 61 yards, TOUCHDOWN.	NFC	2019	21	2020012600	2435
440	(13:47) (Shotgun) D.Brees pass short middle to A.Kamara ran ob at HST 30 for 41 yards (J.Reid). Pass 6, YAC 35	NO	2019	1	2019090900	2254
441	(2:24) T.Bridgewater pass short left to A.Kamara to NO 25 for 18 yards (M.Blair).	NO	2019	3	2019092211	2780
442	(:39) (Shotgun) J.Garoppolo pass short left to G.Kittle to NO 28 for 39 yards (M.Williams; C.Gardner-Johnson). PENALTY on NO-M.Williams, Face Mask (15 Yards), 14 yards, enforced at NO 28. Pass 7, YAC 31	NO	2019	14	2019120806	4640
443	(1:00) (Shotgun) D.Brees pass short left to T.Smith for 18 yards, TOUCHDOWN. Pass 5, YAC 13	NO	2019	14	2019120806	4471
444	(6:12) (Shotgun) D.Brees pass short left to M.Thomas for 21 yards, TOUCHDOWN. Pass 14, YAC 7	NO	2019	14	2019120806	3861
445	(7:13) D.Brees pass short left to J.Hill for 5 yards, TOUCHDOWN. Pass 5, YAC 0	NO	2019	15	2019121600	2402
446	(2:16) D.Brees pass short right to M.Thomas for 2 yards, TOUCHDOWN.	NO	2019	16	2019122210	4253
447	(3:14) (Shotgun) D.Brees pass short left to M.Thomas for 14 yards, TOUCHDOWN. The Replay Official reviewed the runner broke the plane ruling, and the play was REVERSED. (Shotgun) D.Brees pass short left to M.Thomas to TEN 1 for 13 yards (L.Ryan).	NO	2019	16	2019122210	4178
448	(14:07) A.Kamara left guard for 40 yards, TOUCHDOWN.	NO	2019	16	2019122210	2421
449	(10:54) (Shotgun) A.Kamara up the middle for 15 yards, TOUCHDOWN.	NO	2019	17	2019122902	220
450	(10:37) (Shotgun) D.Brees pass deep left to T.Hill for 20 yards, TOUCHDOWN. Pass 20, YAC 0	NO	2019	18	2020010500	3227
451	(10:09) (Shotgun) N.Easton reported in as eligible.  T.Hill pass deep middle to D.Harris to MIN 4 for 50 yards (X.Rhodes).	NO	2019	18	2020010500	1212
452	(11:25) S.Barkley up the middle pushed ob at DAL 23 for 59 yards (C.Awuzie).	NYG	2019	1	2019090810	249
453	(11:25) S.Barkley up the middle pushed ob at DAL 23 for 59 yards (C.Awuzie).	NYG	2019	1	2019090810	249
454	(12:45) S.Barkley right end for 27 yards, TOUCHDOWN.	NYG	2019	2	2019091506	140
455	(1:21) (Shotgun) D.Jones scrambles up the middle for 7 yards, TOUCHDOWN.	NYG	2019	3	2019092209	4197
456	(15:00) (Shotgun) D.Jones pass short left to E.Engram for 75 yards, TOUCHDOWN.	NYG	2019	3	2019092209	2375
457	(10:06) (Shotgun) D.Jones right end for 7 yards, TOUCHDOWN.	NYG	2019	3	2019092209	1188
458	(1:29) (Shotgun) D.Jones pass short middle to E.Engram pushed ob at WAS 31 for 31 yards (J.Bostic).	NYG	2019	4	2019092907	1885
459	(12:16) (Shotgun) D.Jones pass deep left to D.Slayton for 35 yards, TOUCHDOWN.	NYG	2019	5	2019100604	1020
460	(4:54) (Shotgun) T.Brady sacked at NE 43 for -9 yards (L.Carter). FUMBLES (L.Carter), RECOVERED by NYG-M.Golden at NE 42. M.Golden for 42 yards, TOUCHDOWN. NE-J.Gordon was injured during the play.	NYG	2019	6	2019101000	1690
461	(6:15) (No Huddle, Shotgun) D.Jones pass deep right to G.Tate for 64 yards, TOUCHDOWN.	NYG	2019	6	2019101000	1586
462	(8:12) (Shotgun) E.Manning pass deep middle to G.Tate for 51 yards, TOUCHDOWN. Penalty on MIA-N.Needham, Defensive Pass Interference, declined.	NYG	2019	15	2019121505	1248
463	(4:19) (Shotgun) D.Jones pass short middle to K.Smith for 3 yards, TOUCHDOWN.	NYG	2019	16	2019122211	4805
464	(6:58) S.Barkley right guard for 67 yards, TOUCHDOWN.	NYG	2019	16	2019122211	449
465	(2:16) (Shotgun) S.Barkley right tackle for 68 yards, TOUCHDOWN.	NYG	2019	17	2019122911	3165
466	TWO-POINT CONVERSION ATTEMPT. D.Prescott pass to J.Witten is incomplete. ATTEMPT FAILS.	NYJ	2019	6	2019101310	4178
467	(3:46) S.Darnold pass deep right to Ro.Anderson for 92 yards, TOUCHDOWN.	NYJ	2019	6	2019101310	1630
468	(1:44) (Shotgun) S.Darnold pass short middle to J.Crowder for 23 yards, TOUCHDOWN.	NYJ	2019	10	2019111005	716
469	(13:18) (No Huddle, Shotgun) S.Darnold pass deep left to J.Crowder for 29 yards, TOUCHDOWN.	NYJ	2019	11	2019111707	3311
470	(11:58) (No Huddle, Shotgun) S.Darnold pass deep left to D.Brown for 20 yards, TOUCHDOWN.	NYJ	2019	11	2019111707	299
471	(13:32) (Shotgun) C.McDermott reported in as eligible.  S.Darnold pass short right to J.Crowder for 4 yards, TOUCHDOWN.	NYJ	2019	15	2019121200	1043
472	(3:44) (Shotgun) L.Jackson scrambles right guard ran ob at NYJ 5 for 25 yards (B.Austin).	NYJ	2019	15	2019121200	711
473	(7:55) (Shotgun) M.Ingram II left tackle for 6 yards, TOUCHDOWN.	NYJ	2019	15	2019121200	407
474	(10:32) S.Darnold pass deep middle to Ro.Anderson for 23 yards, TOUCHDOWN.	NYJ	2019	16	2019122209	235
475	(11:58) J.Jacobs right tackle to KC 30 for 51 yards (C.Ward).	OAK	2019	2	2019091510	2804
476	(2:17) (Shotgun) J.Brissett pass short left intended for Z.Pascal INTERCEPTED by E.Harris at IND 30. E.Harris for 30 yards, TOUCHDOWN.	OAK	2019	4	2019092905	4148
477	(8:13) T.Davis left end for 60 yards, TOUCHDOWN.	OAK	2019	4	2019092905	429
478	(6:14) (Shotgun) P.Rivers pass short middle intended for H.Henry INTERCEPTED by E.Harris [M.Crosby] at OAK 44. E.Harris for 56 yards, TOUCHDOWN. Penalty on LAC-T.Scott, Offensive Holding, declined.	OAK	2019	10	2019110700	539
479	(10:50) (Shotgun) D.Carr pass deep right to R.Gafford for 49 yards, TOUCHDOWN.	OAK	2019	14	2019120812	1125
480	(11:38) D.Carr pass short middle to T.Williams for 40 yards, TOUCHDOWN.	OAK	2019	15	2019121510	184
481	(4:27) (Shotgun) C.Wentz pass deep middle to D.Jackson for 51 yards, TOUCHDOWN.	PHI	2019	1	2019090806	1496
482	(11:52) (Shotgun) C.Wentz pass short middle to A.Jeffery for 6 yards, TOUCHDOWN NULLIFIED by Penalty. PENALTY on PHI-Z.Ertz, Offensive Pass Interference, 10 yards, enforced at GB 6 - No Play. The Replay Official reviewed the offensive pass interference ruling, and the play was REVERSED. (Shotgun) C.Wentz pass short middle to A.Jeffery for 6 yards, TOUCHDOWN.	PHI	2019	4	2019092600	1079
483	(14:14) (Shotgun) M.Sanders up the middle for 65 yards, TOUCHDOWN.	PHI	2019	8	2019102701	2281
484	(9:04) (Shotgun) M.Rudolph pass deep right to J.Smith-Schuster to SEA 16 for 45 yards (D.Hill). Fleaflicker play. 30-Conner took the hand off before the pass.	PIT	2019	2	2019091507	2765
485	(2:36) (Shotgun) B.Hoyer pass deep middle intended for J.Doyle INTERCEPTED by M.Fitzpatrick [C.Heyward] at PIT 4. M.Fitzpatrick for 96 yards, TOUCHDOWN.	PIT	2019	9	2019110306	1401
486	(11:22) (Shotgun) D.Hodges pass deep middle to J.Washington for 79 yards, TOUCHDOWN.	PIT	2019	12	2019112403	2295
487	(3:13) A.Lee punts 60 yards to PIT 15, Center-A.Brewer. D.Johnson for 85 yards, TOUCHDOWN.	PIT	2019	14	2019120810	653
488	(8:15) R.Wilson pass deep right to DK.Metcalf for 40 yards, TOUCHDOWN.	SEA	2019	5	2019100300	1498
489	(:59) G.Fant reported in as eligible.  R.Wilson pass short left to T.Lockett for 13 yards, TOUCHDOWN.	SEA	2019	5	2019100300	882
490	(:27) (Shotgun) R.Wilson pass deep right to J.Brown for 17 yards, TOUCHDOWN [J.Schobert].	SEA	2019	6	2019101302	2191
491	(8:07) (Shotgun) R.Wilson pass short left to T.Lockett for 2 yards, TOUCHDOWN.	SEA	2019	9	2019110308	2668
492	(10:49) G.Fant reported in as eligible.  C.Carson right tackle to TB 26 for 59 yards (D.White). FUMBLES (D.White), ball out of bounds at TB 24.	SEA	2019	9	2019110308	2554
493	(8:12) (Shotgun) R.Wilson pass deep right to M.Turner to SF 32 for 28 yards (J.Ward). Caught at SF 44.  12-yac The Replay Official reviewed the runner was inbounds ruling, and the play was Upheld. The ruling on the field stands.	SEA	2019	10	2019111100	4597
494	(2:57) (Shotgun) J.Garoppolo sacked at SF 14 for -9 yards (J.Reed). FUMBLES (J.Reed) [J.Reed], RECOVERED by SEA-J.Clowney at SF 10. J.Clowney for 10 yards, TOUCHDOWN.	SEA	2019	10	2019111100	1618
495	(12:05) (Shotgun) R.Penny up the middle for 58 yards, TOUCHDOWN.	SEA	2019	12	2019112411	3154
496	(6:03) R.Wilson pass deep right to M.Turner for 33 yards, TOUCHDOWN.	SEA	2019	12	2019112411	560
497	(:13) (Shotgun) R.Wilson pass deep left to D.Moore for 60 yards, TOUCHDOWN.	SEA	2019	13	2019120200	2788
498	(5:18) (Shotgun) R.Wilson pass short middle intended for J.Hollister INTERCEPTED by A.Harris (A.Watts) at SEA 20. A.Harris for 20 yards, TOUCHDOWN.	SEA	2019	13	2019120200	1267
499	(5:27) (Shotgun) R.Wilson pass deep left to DK.Metcalf for 19 yards, TOUCHDOWN.	SEA	2019	15	2019121500	552
500	(5:53) (Shotgun) R.Wilson pass short left to T.Lockett for 14 yards, TOUCHDOWN.	SEA	2019	17	2019122915	2344
501	(8:55) R.Wilson pass deep left to DK.Metcalf for 53 yards, TOUCHDOWN.	SEA	2019	18	2020010501	2688
502	(1:11) M.Lynch left end for 5 yards, TOUCHDOWN.	SEA	2019	18	2020010501	2097
503	(1:36) (Shotgun) R.Wilson pass short right to D.Moore to PHI 5 for 38 yards (M.Jenkins).	SEA	2019	18	2020010501	1978
504	(6:27) (Shotgun) A.Rodgers sacked at SEA 48 for -8 yards (Sm.Griffin).	SEA	2019	19	2020011201	3443
505	(2:42) J.Garoppolo pass short left to R.Mostert for 39 yards, TOUCHDOWN.	SF	2019	2	2019091501	735
506	(13:17) (Shotgun) B.Mayfield pass deep middle intended for A.Callaway INTERCEPTED by R.Sherman [N.Bosa] at SF 46. R.Sherman to CLV 41 for 13 yards (A.Callaway).	SF	2019	5	2019100700	300
507	(13:28) M.Breida left guard for 83 yards, TOUCHDOWN.	SF	2019	5	2019100700	247
508	(:04) (Shotgun) K.Allen pass short left intended for R.Bonnafon INTERCEPTED by N.Bosa at SF 45. N.Bosa to CAR 9 for 46 yards (D.Moore).	SF	2019	8	2019102709	3327
509	(6:02) (Shotgun) J.Garoppolo pass deep right to D.Pettis for 21 yards, TOUCHDOWN.	SF	2019	9	2019103100	2872
510	(:13) (Shotgun) J.Garoppolo pass short middle to G.Kittle for 30 yards, TOUCHDOWN.	SF	2019	9	2019103100	974
511	(5:49) (Shotgun) R.Wilson pass short right intended for J.Hollister INTERCEPTED by D.Greenlaw [K.Williams] at SF 4. D.Greenlaw pushed ob at SEA 49 for 47 yards (D.Brown).	SF	2019	10	2019111100	4738
512	(12:12) R.Wilson sacked at SEA 25 for -10 yards (sack split by A.Armstead and K.Williams). FUMBLES (A.Armstead) [K.Williams], recovered by SEA-G.Ifedi at SEA 23. G.Ifedi to SEA 18 for -5 yards (F.Warner). FUMBLES (F.Warner), RECOVERED by SF-D.Buckner at SEA 12. D.Buckner for 12 yards, TOUCHDOWN.	SF	2019	10	2019111100	3345
513	(6:08) E.Sanders pass deep right to R.Mostert for 35 yards, TOUCHDOWN. Garoppolo handed off to Samuel, who lateralled back to Sanders, who threw to Mostert.  Pass 22, YAC 13.	SF	2019	14	2019120806	1596
514	(:58) (Shotgun) J.Garoppolo pass deep middle to E.Sanders to LA 23 for 46 yards (J.Ramsey). Caught at LA 28.  5-yac	SF	2019	16	2019122102	4121
515	(5:28) R.Woods left end to LA 27 for no gain (F.Warner).	SF	2019	16	2019122102	3744
516	(6:14) J.Garoppolo pass short right to G.Kittle for 7 yards, TOUCHDOWN. Caught at LA -2.  0-yac	SF	2019	16	2019122102	3611
517	(8:54) J.Garoppolo pass short left to G.Kittle to SF 45 for 36 yards (C.Littleton). Caught at SF 22.  23-yac	SF	2019	16	2019122102	3468
518	(12:14) (Shotgun) D.Samuel left end for 19 yards, TOUCHDOWN.	SF	2019	16	2019122102	1184
519	(1:14) M.Wishnowsky punts 54 yards to MIN 20, Center-K.Nelson. M.Sherels MUFFS catch, touched at MIN 18, RECOVERED by SF-R.Mostert at MIN 10. R.Mostert to MIN 10 for no gain (M.Sherels).	SF	2019	19	2020011100	2539
520	(3:44) (Shotgun) K.Cousins pass incomplete deep left to K.Rudolph (E.Moseley) [D.Ford].	SF	2019	19	2020011100	2431
521	(4:56) R.Mostert left end for 22 yards, TOUCHDOWN.	SF	2019	20	2020011901	2397
522	(6:07) D.Samuel right end to GB 22 for 32 yards (D.Lowry).	SF	2019	20	2020011901	2352
523	(9:17) (Shotgun) R.Mostert left end for 9 yards, TOUCHDOWN.	SF	2019	20	2020011901	996
524	(6:01) (Shotgun) R.Mostert left tackle for 36 yards, TOUCHDOWN.	SF	2019	20	2020011901	416
525	(3:44) (Shotgun) P.Mahomes pass deep right to S.Watkins pushed ob at SF 10 for 38 yards (J.Ward).	SF	2019	22	2020020200	3406
526	(6:17) P.Mahomes pass short right to T.Kelce for 1 yard, TOUCHDOWN.	SF	2019	22	2020020200	3187
527	(7:13) (Shotgun) P.Mahomes pass deep left to T.Hill to SF 21 for 44 yards (J.Ward) [D.Buckner].	SF	2019	22	2020020200	3086
528	(5:36) (Shotgun) P.Mahomes pass deep right intended for T.Hill INTERCEPTED by F.Warner at SF 42. F.Warner to SF 45 for 3 yards (T.Hill).	SF	2019	22	2020020200	2202
529	(5:13) J.Garoppolo pass short right to K.Juszczyk for 15 yards, TOUCHDOWN.	SF	2019	22	2020020200	1343
530	(12:33) (Shotgun) D.Samuel right end pushed ob at KC 40 for 32 yards (T.Mathieu).	SF	2019	22	2020020200	197
531	(9:54) (Shotgun) J.Winston pass deep right to M.Evans for 21 yards, TOUCHDOWN [J.Peppers].	TB	2019	3	2019092209	256
532	(1:17) (Shotgun) J.Goff sacked at LA 43 for -11 yards (S.Barrett). FUMBLES (S.Barrett) [S.Barrett], RECOVERED by TB-N.Suh at LA 37. N.Suh for 37 yards, TOUCHDOWN.	TB	2019	4	2019092909	5000
533	(5:19) (Shotgun) J.Winston pass deep right intended for M.Evans INTERCEPTED by M.Williams at NO 45. M.Williams for 55 yards, TOUCHDOWN.	TB	2019	11	2019111706	3706
534	(3:43) J.Winston pass deep right to S.Miller for 49 yards, TOUCHDOWN. The Replay Official reviewed the runner was not down by contact ruling, and the play was REVERSED. J.Winston pass deep right to S.Miller to NO 1 for 48 yards (C.Gardner-Johnson).	TB	2019	11	2019111706	1493
535	(6:57) J.Winston pass deep middle to C.Godwin for 71 yards, TOUCHDOWN.	TB	2019	12	2019112400	537
536	(1:15) J.Winston pass deep right to M.Evans for 61 yards, TOUCHDOWN. TB-M.Evans was injured during the play. His return is Questionable.	TB	2019	14	2019120808	976
537	(:20) (Shotgun) J.Winston pass short right to J.Watson for 8 yards, TOUCHDOWN.	TB	2019	16	2019122100	2351
538	(2:18) E.Watford reported in as eligible.  J.Winston pass deep left to C.McElroy pushed ob at HST 4 for 30 yards (B.Roby).	TB	2019	16	2019122100	2022
539	(:19) (Shotgun) J.Winston pass deep right to B.Perriman for 24 yards, TOUCHDOWN.	TB	2019	17	2019122912	2270
540	(3:21) (Shotgun) M.Ryan sacked at TB 15 for -5 yards (J.Pierre-Paul). FUMBLES (J.Pierre-Paul), RECOVERED by TB-D.White at TB 9. D.White for 91 yards, TOUCHDOWN. The Replay Official reviewed the forward pass ruling, and the play was Upheld. The ruling on the field stands.	TB	2019	17	2019122912	1740
541	(3:11) (Shotgun) B.Mayfield pass short left intended for J.Landry INTERCEPTED by M.Butler at CLV 38. M.Butler for 38 yards, TOUCHDOWN.	TEN	2019	1	2019090801	4040
542	(2:10) M.Mariota pass short left to D.Henry for 75 yards, TOUCHDOWN. The Replay Official reviewed the play for possible offensive pass interference, and the play was Upheld. The ruling on the field stands.	TEN	2019	1	2019090801	3074
543	(8:59) M.Mariota pass deep middle to A.Brown to CLV 20 for 47 yards (D.Randall).	TEN	2019	1	2019090801	398
544	(12:09) D.Quessenberry reported in as eligible.  M.Mariota pass short middle to A.Brown for 55 yards, TOUCHDOWN.	TEN	2019	4	2019092900	258
545	(6:10) D.Henry up the middle for 68 yards, TOUCHDOWN.	TEN	2019	10	2019111007	2578
546	(6:28) (Shotgun) Dam.Williams up the middle to TEN 45 for -1 yards (D.Long). FUMBLES (D.Long), RECOVERED by TEN-R.Evans at TEN 47. R.Evans for 53 yards, TOUCHDOWN.	TEN	2019	10	2019111007	1489
547	(10:51) D.Henry left tackle for 74 yards, TOUCHDOWN.	TEN	2019	12	2019112408	2127
548	(14:16) R.Tannehill pass deep middle to A.Brown for 91 yards, TOUCHDOWN [C.Ferrell].	TEN	2019	14	2019120812	946
549	(8:03) R.Tannehill pass short middle to J.Smith for 41 yards, TOUCHDOWN.	TEN	2019	16	2019122210	405
550	(3:04) D.Henry left guard for 53 yards, TOUCHDOWN.	TEN	2019	17	2019122906	3588
551	(14:19) R.Tannehill pass deep left to A.Brown pushed ob at HST 1 for 47 yards (T.Gipson).	TEN	2019	17	2019122906	2769
552	(2:53) (Shotgun) R.Tannehill pass short left to A.Firkser to TEN 26 for 11 yards (T.Brooks).	TEN	2019	18	2020010401	3580
553	(2:16) D.Henry right tackle ran ob at NE 46 for 29 yards (D.Harmon).	TEN	2019	18	2020010401	1604
554	(5:44) (Shotgun) R.Tannehill pass short middle to A.Firkser for 12 yards, TOUCHDOWN.	TEN	2019	18	2020010401	597
555	(6:59) (Shotgun) D.Henry pass short middle to C.Davis for 3 yards, TOUCHDOWN. Direct snap	TEN	2019	19	2020011101	2458
556	(8:37) D.Henry up the middle to BLT 06 for 66 yards (M.Peters).	TEN	2019	19	2020011101	2388
557	(14:53) R.Tannehill pass deep middle to K.Raymond for 45 yards, TOUCHDOWN.	TEN	2019	19	2020011101	813
558	(3:42) (Shotgun) R.Tannehill pass short left to J.Smith for 12 yards, TOUCHDOWN. The Replay Official reviewed the pass completion ruling, and the play was Upheld. The ruling on the field stands.	TEN	2019	19	2020011101	596
559	(8:02) (Shotgun) L.Jackson pass deep middle intended for M.Andrews INTERCEPTED by K.Byard at TEN 19. K.Byard to 50 for 31 yards (L.Jackson). PENALTY on BLT-L.Jackson, Unsportsmanlike Conduct, 15 yards, enforced at 50.	TEN	2019	19	2020011101	385
560	(6:43) R.Tannehill pass short left to D.Kelly for 1 yard, TOUCHDOWN.	TEN	2019	20	2020011900	1469
561	(10:07) C.Keenum pass deep middle to T.McLaurin for 69 yards, TOUCHDOWN.	WAS	2019	1	2019090806	1117
562	(11:08) C.Keenum pass short right to V.Davis for 48 yards, TOUCHDOWN. WAS-V.Davis was injured during the play.	WAS	2019	1	2019090806	193
563	(1:29) (No Huddle, Shotgun) D.Haskins pass short middle intended for J.Sprinkle INTERCEPTED by J.Peppers [D.Tomlinson] at WAS 32. J.Peppers for 32 yards, TOUCHDOWN.	WAS	2019	4	2019092907	2823
564	(9:39) S.Sims right end for 65 yards, TOUCHDOWN. End around	WAS	2019	5	2019100609	431
565	(10:11) (Shotgun) D.Haskins pass short right to D.Guice for 45 yards, TOUCHDOWN.	WAS	2019	11	2019111707	3624
566	(1:22) (Shotgun) D.Haskins pass short middle to T.McLaurin for 13 yards, TOUCHDOWN.	WAS	2019	14	2019120803	3729
567	(1:23) D.Haskins pass short middle to T.McLaurin for 75 yards, TOUCHDOWN.	WAS	2019	15	2019121508	700
